{"name":"hello","title":"Form Title","description":"","new_editor":true,"show_title_description":true,"showHeader":false,"showFooter":false,"lang":1,"columns":1,"status":true,"template":0,"limits":0,"fldIndex":12,"captcha":false,"IpTracking":true,"post_data_url":"","send_mail":true,"elements":[[{"FieldTypeName":"Button","properties":{"type":{"title":"Button Type:","type":"select","value":"submit","options":["submit","reset","print","draft","dummy","Salesforce Action","Visual Composer","Go Prev","Go Next","Go to page","Reset signature","Modal signature","Condition","SmartV Logout","Redirect","SSO Logout","XML Parser","Twilio","Close Twilio","Refresh Location","Barcode Scanner","AllScripts"]},"align":{"title":"Button align","type":"select","value":"auto","options":["auto","left","center","right"]},"user_tip":{"title":"User tip","type":"text","value":""},"img_btn_url":{"title":"Choose BackGround Image","type":"imageBackground","value":"","src":""},"default":{"title":"Button text","type":"text","value":"Submit"},"admin_field_only":{"title":"Admin Field","type":"checkbox","value":false},"unique_value":{"title":"Unique value","type":"checkbox","value":false},"confirmation_mode":{"title":"Confirmation mode","type":"checkbox","value":false},"onclick_action":{"title":"On click action","type":"checkbox","value":false},"prop_disabled":{"value":true},"field_id":{"value":true,"id":"fld1"},"styles":{"Container-1621426468229-431-1":{"options":{"top":505,"left":357}},"Button-1621426468229-431-1":{"element":{"width":"250px","height":"40px","color":"rgba(255,255,255,1)"}}},"page":1},"FieldTypeIsLabelAssociated":0,"FieldTypeIsDataContainer":0,"FieldTypeConditionType":null,"uid":"1621426468229-431-1","visible":"show","className":"Button-1621426468229-431-1","classUID":"1621426468229-431-1","storedSize":{"styles":{"width":250,"height":52}},"hidePreview":false},{"properties":{"fieldtype":"string","label":{"title":"Label","type":"text","value":"Textbox","isHidden":{"top":false,"left":true,"right":true,"bottom":true}},"placeholder_field":{"title":"Placeholder","type":"text","value":""},"default":{"id":"textbox","title":"Default value","type":"text","value":"","data":true,"hide":false},"placeholder":{"value":"","check":true},"is_mandatory":{"title":"Mandatory","type":"checkbox","value":false},"user_tip":{"title":"User tip","type":"text","value":""},"admin_field_only":{"title":"Admin Field","type":"checkbox","value":false},"unique_value":{"title":"Unique value","type":"checkbox","value":false},"limit_chars":{"title":"Maximum Length","type":"text"},"valuerule":{"value":true},"condition":{"value":true},"size":{"value":"large","hide":true},"field_id":{"title":"Field ID","value":true,"id":"fld2"},"mask":{"title":"Field mask","type":"text","value":""},"use_mask_value":{"title":"Use mask value","type":"checkbox","value":false},"clear_mask_placeholder":{"title":"Auto clear placeholder","type":"checkbox","value":false},"autofocus":{"title":"Auto Focus","type":"checkbox","value":false},"password_mode":{"title":"Password mode","type":"checkbox","value":false},"numeric_keyboard":{"title":"Numeric keyboard","type":"checkbox","value":false},"decode_special_chars":{"title":"Decode special chars","type":"checkbox","value":false},"isSetOrder":true,"subIndex":1,"styles":{"Container-1621426479717-208-1":{"options":{"top":55,"left":46,"width":250,"taborder":2},"container":{}},"Textbox-1621426479717-208-1":{"element":{"width":"250px","height":"40px","background-color":"rgb(228,79,5)","background":"rgb(228,79,5)","color":"rgba(255,255,255,1)"},"container":{}},"Label-1621426479717-208-1":{"label":{"color":"rgba(255,255,255,1)","font-weight":"bold !important","font-family":"\"Arial Black\", \"Arial Bold\", Gadget, sans-serif"},"options":{"fontWeightBold":true}}},"page":1,"enabledFloatingLabel":false},"isNew":true,"uid":"1621426479717-208-1","visible":"show","FieldTypeID":2,"FieldTypeName":"Textbox","FieldTypeDescription":"input box for entering alphanumeric data","FieldTypeIsDataContainer":1,"FieldTypeIsForForm":1,"FieldTypeIsForReport":0,"FieldTypeConditionType":1,"FieldTypeIsBasic":1,"FieldTypeOrder":3,"FieldTypeIsLabelAssociated":1,"FieldTypeFormBuilderType":0,"FieldTypeReportBuilderType":null,"row":1,"storedSize":{"styles":{"width":250,"height":74}},"hidePreview":false,"className":"Textbox-1621426479717-208-1","classUID":"1621426479717-208-1"},{"properties":{"fieldtype":"int","label":{"title":"Label","type":"text","value":"Numeric","isHidden":{"top":false,"left":true,"right":true,"bottom":true}},"placeholder_field":{"title":"Placeholder","type":"text","value":""},"default":{"id":"numeric","title":"Default value","type":"number","value":"","data":true,"hide":false},"is_mandatory":{"title":"Mandatory","type":"checkbox","value":false},"user_tip":{"title":"User tip","type":"text","value":""},"type":{"title":"Type","type":"select","value":"integer","options":["integer","decimal"]},"min":{"title":"Min","type":"number","value":0},"max":{"title":"Max","type":"number","value":10000},"label_align":{"title":"Label align","type":"select","value":"auto","options":["auto","left","center","right"]},"hide_label":{"title":"Hide Label","type":"checkbox","value":false,"keys":{"label":true,"label_align":true}},"align":{"title":"Numeric align","type":"select","value":"left","options":["auto","left","center","right"]},"admin_field_only":{"title":"Admin Field","type":"checkbox","value":false},"unique_value":{"title":"Unique value","type":"checkbox","value":false},"valuerule":{"value":true},"condition":{"value":true},"field_id":{"value":true,"id":"fld3"},"autofocus":{"title":"Auto Focus","type":"checkbox","value":false},"decimalDigits":{"title":"Decimal digits","type":"number","value":0},"accurate_mode":{"title":"Accurate JS mode","type":"checkbox","value":false},"number_format":{"title":"PDF Format","value":""},"numeric_keyboard":{"title":"Numeric keyboard","type":"checkbox","value":false},"isSetOrder":true,"subIndex":1,"styles":{"Container-1621426482809-911-2":{"options":{"top":607,"left":30,"width":250,"taborder":3},"container":{}},"Numeric-1621426482809-911-2":{"element":{"width":"250px","height":"40px","background-color":"rgb(228,79,5)","background":"rgb(228,79,5)","color":"rgba(255,255,255,1)"},"container":{}}},"page":1,"enabledFloatingLabel":false},"isNew":true,"uid":"1621426482809-911-2","visible":"show","FieldTypeID":19,"FieldTypeName":"Numeric","FieldTypeDescription":"input box for entering numeric data","FieldTypeIsDataContainer":1,"FieldTypeIsForForm":1,"FieldTypeIsForReport":0,"FieldTypeConditionType":2,"FieldTypeIsBasic":0,"FieldTypeOrder":4,"FieldTypeIsLabelAssociated":1,"FieldTypeFormBuilderType":0,"FieldTypeReportBuilderType":null,"row":2,"storedSize":{"styles":{"width":250,"height":74}},"hidePreview":false,"className":"Numeric-1621426482809-911-2","classUID":"1621426482809-911-2"},{"properties":{"fieldtype":"string","label":{"title":"Label","type":"text","value":"TextArea","isHidden":{"top":false,"left":true,"right":true,"bottom":true}},"width":{"title":"Width","type":"text","value":"10","hide":true},"height":{"title":"Height","type":"text","value":"10","hide":true},"default":{"id":"textarea","title":"Default value","type":"text","value":"","data":true,"hide":false},"placeholder_field":{"title":"Placeholder","type":"text","value":""},"is_mandatory":{"title":"Mandatory","type":"checkbox","value":false},"user_tip":{"title":"User tip","type":"text","value":""},"admin_field_only":{"title":"Admin Field","type":"checkbox","value":false},"unique_value":{"title":"Unique value","type":"checkbox","value":false},"limit_chars":{"title":"Maximum Length","type":"text"},"valuerule":{"value":true},"condition":{"value":true},"field_id":{"value":true,"id":"fld4"},"autofocus":{"title":"Auto Focus","type":"checkbox","value":false},"decode_special_chars":{"title":"Decode special chars","type":"checkbox","value":false},"isSetOrder":true,"subIndex":1,"styles":{"Container-1621427606077-696-3":{"options":{"top":20,"left":1053,"width":250,"taborder":4},"container":{}},"TextArea-1621427606077-696-3":{"element":{"width":"250px","height":"100px","background-color":"rgb(228,79,5)","background":"rgb(228,79,5)","color":"rgba(255,255,255,1)"},"container":{}},"Label-1621427606077-696-3":{"element":{},"label":{"color":"rgba(255,255,255,1)","font-family":"\"Arial Black\", \"Arial Bold\", Gadget, sans-serif","font-size":"16px","font-weight":"bold !important"},"options":{"font-size":16,"fontWeightBold":true}}},"page":1,"enabledFloatingLabel":false},"isNew":true,"uid":"1621427606077-696-3","visible":"show","FieldTypeID":3,"FieldTypeName":"TextArea","FieldTypeDescription":"multi-line input box for entering a larger amount of data","FieldTypeIsDataContainer":1,"FieldTypeIsForForm":1,"FieldTypeIsForReport":0,"FieldTypeConditionType":1,"FieldTypeIsBasic":1,"FieldTypeOrder":5,"FieldTypeIsLabelAssociated":1,"FieldTypeFormBuilderType":0,"FieldTypeReportBuilderType":null,"row":3,"storedSize":{"styles":{"width":250,"height":134}},"hidePreview":false,"className":"TextArea-1621427606077-696-3","classUID":"1621427606077-696-3"},{"properties":{"fieldtype":"string","label":{"title":"Label","type":"text","value":"Email","isHidden":{"top":false,"left":true,"right":true,"bottom":true}},"placeholder_field":{"title":"Placeholder","value":"","type":"text"},"is_mandatory":{"title":"Mandatory","type":"checkbox","value":false},"send2FormFilter":{"title":"Send email to filler","type":"checkbox","value":false},"sendCustomEmail2FormFilter":{"title":"custom  mail to filler","type":"checkbox","value":false},"customSubject":{"title":"Custom Subject","type":"checkbox","value":false},"isAutoSuggest":{"title":"Auto Suggest","type":"checkbox","value":true},"user_tip":{"title":"User tip","type":"text","value":""},"label_align":{"title":"Label align","type":"select","value":"auto","options":["auto","left","center","right"]},"hide_label":{"title":"Hide Label","type":"checkbox","value":false,"keys":{"label":true,"label_align":true}},"align":{"title":"Email align","type":"select","value":"auto","options":["auto","left","center","right"]},"admin_field_only":{"title":"Admin Field","type":"checkbox","value":false},"unique_value":{"title":"Unique value","type":"checkbox","value":false},"default":{"id":"email","title":"Default value","type":"text","value":"","data":true},"valuerule":{"value":true},"condition":{"value":true},"field_id":{"value":true,"id":"fld5"},"autofocus":{"title":"Auto Focus","type":"checkbox","value":false},"isSetOrder":true,"subIndex":1,"styles":{"Container-1621427609384-477-4":{"options":{"top":607,"left":1070,"width":250,"taborder":5},"container":{}},"Email-1621427609384-477-4":{"element":{"width":"250px","height":"40px","background-color":"rgb(228,79,5)","background":"rgb(228,79,5)","color":"rgba(255,255,255,1)"},"container":{}}},"page":1,"enabledFloatingLabel":false},"isNew":true,"uid":"1621427609384-477-4","visible":"show","FieldTypeID":7,"FieldTypeName":"Email","FieldTypeDescription":"input box for entering an email address","FieldTypeIsDataContainer":1,"FieldTypeIsForForm":1,"FieldTypeIsForReport":0,"FieldTypeConditionType":1,"FieldTypeIsBasic":1,"FieldTypeOrder":6,"FieldTypeIsLabelAssociated":1,"FieldTypeFormBuilderType":0,"FieldTypeReportBuilderType":null,"row":4,"storedSize":{"styles":{"width":250,"height":74}},"hidePreview":false,"className":"Email-1621427609384-477-4","classUID":"1621427609384-477-4"},{"properties":{"label":{"title":"Label","type":"text","value":"Page","isHidden":{"top":false,"left":true,"right":true,"bottom":true}},"pager_text":{"title":"Pager text","type":"text","value":"Page"},"back_button":{"title":"Back button","type":"text","value":"Back"},"next_button":{"title":"Next button","type":"text","value":"Next"},"finish_button":{"title":"Finish button","type":"text","value":"Finish"},"label_align":{"title":"Label align","type":"select","value":"auto","options":["auto","left","center","right"]},"hide_label":{"title":"Hide Label","type":"checkbox","value":false,"keys":{"label":true,"label_align":true}},"name":{"type":"text","title":"Name","hide":true,"value":""},"page":{"hide":true,"value":1},"default":{"title":"Value","type":"text","value":"","hide":true},"header":{"title":"Edit Header","type":"ins_button"},"footer":{"title":"Edit Footer","type":"ins_button"},"sticky":{"title":"Sticky to footer","value":true},"hideFinish":{"title":"Hide finish button","value":false},"progress_indicator":{"title":"Show progress indicator","type":"checkbox","value":false},"pagebreak_path":{"title":"Show path","type":"checkbox","value":false},"condition":{"value":true},"skip_validations":{"title":"Skip validations","type":"checkbox","value":false},"disable_path_links":{"title":"Disable path links","type":"checkbox","value":false},"isSetOrder":true,"subIndex":1,"field_id":{"id":"fld7"},"styles":{"Container-1621427644062-455-5":{"options":{"top":612,"left":129,"width":600,"taborder":6},"container":{}},"PageBreak-1621427644062-455-5":{"element":{"width":"600px","color":"rgba(255,255,255,1)"},"container":{}}}},"isNew":true,"uid":"1621427644062-455-5","visible":"show","FieldTypeID":30,"FieldTypeName":"PageBreak","FieldTypeDescription":"an element that divides the form into pages","FieldTypeIsDataContainer":0,"FieldTypeIsForForm":1,"FieldTypeIsForReport":0,"FieldTypeConditionType":null,"FieldTypeIsBasic":0,"FieldTypeOrder":12,"FieldTypeIsLabelAssociated":0,"FieldTypeFormBuilderType":1,"FieldTypeReportBuilderType":null,"row":5,"storedSize":{"styles":{"width":1400,"height":70}},"hidePreview":false,"className":"PageBreak-1621427644062-455-5","classUID":"1621427644062-455-5","isNext":true},{"properties":{"placeholder_field":{"title":"Placeholder","value":"","type":"text"},"fieldtype":"list","label":{"title":"Label","type":"text","value":"DropDown","isHidden":{"top":false,"left":true,"right":true,"bottom":true}},"list":{"title":"Options","type":"listbox","items":[{"value":"First Choice","label":"First Choice","state":false,"uid":"1621427656960-886-1"},{"value":"Second Choice","label":"Second Choice","state":false,"uid":"1621427656960-428-2"},{"value":"Third Choice","label":"Third Choice","state":false,"uid":"1621427656960-320-3"}]},"is_random":{"title":"Randomize","type":"checkbox","value":false},"is_autocomplete":{"title":"Autocomplete","type":"checkbox","value":true},"is_mandatory":{"title":"Mandatory","type":"checkbox","value":false},"other":{"title":"Other","type":"checkbox","value":false},"add_other_dropdown":{"title":"Add Other","action":"add_other","label":"Other","textBoxValue":"","type":"checkbox","value":true,"showInput":false,"uid":"1621427656960-362-4"},"user_tip":{"title":"User tip","type":"text","value":""},"add_list_header":{"title":"Add list Header","action":"add_list_header","textbox_value":"Please Choose","type":"checkbox","value":false},"show_search_box":{"title":"Show search box","type":"checkbox","value":false},"import_load":{"title":"Import List","type":"button","value":false},"label_align":{"title":"Label align","type":"select","value":"auto","options":["auto","left","center","right"]},"hide_label":{"title":"Hide Label","type":"checkbox","value":false,"keys":{"label":true,"label_align":true}},"default":{"id":"dropdown","hide":true,"data":true},"ather_options":{"value":"","selected":false,"title":"Ather"},"dropdown":{"hide":true},"align":{"title":"ListBox align","type":"select","value":"auto","options":["auto","left","center","right"]},"admin_field_only":{"title":"Admin Field","type":"checkbox","value":false},"unique_value":{"title":"Unique value","type":"checkbox","value":false},"valuerule":{"value":true},"condition":{"value":true},"multiple":{"title":"Multiple selection","type":"checkbox","value":false},"dependent":{"title":"Dependent picklist","type":"checkbox","value":false},"navigation_mode":{"title":"Pagebreak nav. mode","type":"checkbox","value":false},"field_id":{"value":true,"id":"fld10"},"disallow_dynamic_items":{"title":"Disallow dyn. items","type":"checkbox","value":false},"load_custom_list":{"title":"Load Custom List","type":"checkbox","value":false},"listType":"simple","autofocus":{"title":"Auto Focus","type":"checkbox","value":false},"distinct_options":{"title":"Distinct options","type":"checkbox","value":false},"add_empty_item":{"title":"Add empty item","type":"checkbox","value":false},"set_default_from_salesforce":{"title":"Salesforce default","type":"checkbox","value":false},"isSetOrder":true,"page":2,"subIndex":4,"prepared":{"elements":[{"value":"First Choice","label":"First Choice","state":false,"uid":"1621427656960-886-1"},{"value":"Second Choice","label":"Second Choice","state":false,"uid":"1621427656960-428-2"},{"value":"Third Choice","label":"Third Choice","state":false,"uid":"1621427656960-320-3"},{"title":"Add Other","action":"add_other","label":"Other","textBoxValue":"","type":"checkbox","value":true,"showInput":false,"uid":"1621427656960-362-4"}]},"styles":{"Container-1621427656960-159-9":{"options":{"top":129,"left":358,"width":250,"taborder":10},"container":{}},"DropDown-1621427656960-159-9":{"element":{"width":"250px","height":"40px","background-color":"rgb(228,79,5)","background":"rgb(228,79,5)","color":"rgba(255,255,255,1)"}}},"enabledFloatingLabel":false},"isNew":true,"uid":"1621427656960-159-9","visible":"hide","FieldTypeID":6,"FieldTypeName":"DropDown","FieldTypeDescription":"a list of multiple choices that allow choosing only one choice","FieldTypeIsDataContainer":1,"FieldTypeIsForForm":1,"FieldTypeIsForReport":0,"FieldTypeConditionType":4,"FieldTypeIsBasic":1,"FieldTypeOrder":7,"FieldTypeIsLabelAssociated":1,"FieldTypeFormBuilderType":0,"FieldTypeReportBuilderType":null,"row":6,"storedSize":{"styles":{"width":250,"height":100}},"hidePreview":false,"className":"DropDown-1621427656960-159-9","classUID":"1621427656960-159-9"},{"properties":{"label":{"title":"Label","type":"text","value":"Page","isHidden":{"top":false,"left":true,"right":true,"bottom":true}},"pager_text":{"title":"Pager text","type":"text","value":"Page"},"back_button":{"title":"Back button","type":"text","value":"Back"},"next_button":{"title":"Next button","type":"text","value":"Next"},"finish_button":{"title":"Finish button","type":"text","value":"Finish"},"label_align":{"title":"Label align","type":"select","value":"auto","options":["auto","left","center","right"]},"hide_label":{"title":"Hide Label","type":"checkbox","value":false,"keys":{"label":true,"label_align":true}},"name":{"type":"text","title":"Name","hide":true,"value":""},"page":{"hide":true,"value":2},"default":{"title":"Value","type":"text","value":"","hide":true},"header":{"title":"Edit Header","type":"ins_button"},"footer":{"title":"Edit Footer","type":"ins_button"},"sticky":{"title":"Sticky to footer","value":true},"hideFinish":{"title":"Hide finish button","value":false},"progress_indicator":{"title":"Show progress indicator","type":"checkbox","value":false},"pagebreak_path":{"title":"Show path","type":"checkbox","value":false},"condition":{"value":true},"skip_validations":{"title":"Skip validations","type":"checkbox","value":false},"disable_path_links":{"title":"Disable path links","type":"checkbox","value":false},"isSetOrder":true,"field_id":{"id":"fld8"},"styles":{"Container-1621427648161-261-8":{"options":{"top":612,"left":129,"width":600,"taborder":6},"container":{}},"PageBreak-1621427648161-261-8":{"element":{"width":"600px","color":"rgba(255,255,255,1)"},"container":{}}}},"isNew":true,"visible":"hide","FieldTypeID":30,"FieldTypeName":"PageBreak","FieldTypeDescription":"an element that divides the form into pages","FieldTypeIsDataContainer":0,"FieldTypeIsForForm":1,"FieldTypeIsForReport":0,"FieldTypeConditionType":null,"FieldTypeIsBasic":0,"FieldTypeOrder":12,"FieldTypeIsLabelAssociated":0,"FieldTypeFormBuilderType":1,"FieldTypeReportBuilderType":null,"row":5,"storedSize":{"styles":{"width":1000,"height":70}},"hidePreview":false,"className":"PageBreak-1621427648161-261-8","classUID":"1621427648161-261-8","isNext":false,"uid":"1621427648161-261-8"},{"properties":{"placeholder_field":{"title":"Placeholder","value":"","type":"text"},"fieldtype":"list","label":{"title":"Label","type":"text","value":"DropDown","isHidden":{"top":false,"left":true,"right":true,"bottom":true}},"list":{"title":"Options","type":"listbox","items":[{"value":"First Choice","label":"First Choice","state":false,"uid":"1621428752285-467-5"},{"value":"Second Choice","label":"Second Choice","state":false,"uid":"1621428752285-337-6"},{"value":"Third Choice","label":"Third Choice","state":false,"uid":"1621428752285-370-7"}]},"is_random":{"title":"Randomize","type":"checkbox","value":false},"is_autocomplete":{"title":"Autocomplete","type":"checkbox","value":true},"is_mandatory":{"title":"Mandatory","type":"checkbox","value":false},"other":{"title":"Other","type":"checkbox","value":false},"add_other_dropdown":{"title":"Add Other","action":"add_other","label":"Other","textBoxValue":"","type":"checkbox","value":true,"showInput":false,"uid":"1621428752285-415-8"},"user_tip":{"title":"User tip","type":"text","value":""},"add_list_header":{"title":"Add list Header","action":"add_list_header","textbox_value":"Please Choose","type":"checkbox","value":false},"show_search_box":{"title":"Show search box","type":"checkbox","value":false},"import_load":{"title":"Import List","type":"button","value":false},"label_align":{"title":"Label align","type":"select","value":"auto","options":["auto","left","center","right"]},"hide_label":{"title":"Hide Label","type":"checkbox","value":false,"keys":{"label":true,"label_align":true}},"default":{"id":"dropdown","hide":true,"data":true},"ather_options":{"value":"","selected":false,"title":"Ather"},"dropdown":{"hide":true},"align":{"title":"ListBox align","type":"select","value":"auto","options":["auto","left","center","right"]},"admin_field_only":{"title":"Admin Field","type":"checkbox","value":false},"unique_value":{"title":"Unique value","type":"checkbox","value":false},"valuerule":{"value":true},"condition":{"value":true},"multiple":{"title":"Multiple selection","type":"checkbox","value":false},"dependent":{"title":"Dependent picklist","type":"checkbox","value":false},"navigation_mode":{"title":"Pagebreak nav. mode","type":"checkbox","value":false},"field_id":{"value":true,"id":"fld11"},"disallow_dynamic_items":{"title":"Disallow dyn. items","type":"checkbox","value":false},"load_custom_list":{"title":"Load Custom List","type":"checkbox","value":false},"listType":"simple","autofocus":{"title":"Auto Focus","type":"checkbox","value":false},"distinct_options":{"title":"Distinct options","type":"checkbox","value":false},"add_empty_item":{"title":"Add empty item","type":"checkbox","value":false},"set_default_from_salesforce":{"title":"Salesforce default","type":"checkbox","value":false},"isSetOrder":true,"page":3,"subIndex":8,"prepared":{"elements":[{"value":"First Choice","label":"First Choice","state":false,"uid":"1621428752285-467-5"},{"value":"Second Choice","label":"Second Choice","state":false,"uid":"1621428752285-337-6"},{"value":"Third Choice","label":"Third Choice","state":false,"uid":"1621428752285-370-7"},{"title":"Add Other","action":"add_other","label":"Other","textBoxValue":"","type":"checkbox","value":true,"showInput":false,"uid":"1621428752285-415-8"}]},"styles":{"Container-1621428752285-853-11":{"options":{"top":129,"left":358,"width":250,"taborder":10},"container":{}},"DropDown-1621428752285-853-11":{"element":{"width":"250px","height":"40px","background-color":"rgb(228,79,5)","background":"rgb(228,79,5)","color":"rgba(255,255,255,1)"}}},"enabledFloatingLabel":false},"isNew":true,"visible":"hide","FieldTypeID":6,"FieldTypeName":"DropDown","FieldTypeDescription":"a list of multiple choices that allow choosing only one choice","FieldTypeIsDataContainer":1,"FieldTypeIsForForm":1,"FieldTypeIsForReport":0,"FieldTypeConditionType":4,"FieldTypeIsBasic":1,"FieldTypeOrder":7,"FieldTypeIsLabelAssociated":1,"FieldTypeFormBuilderType":0,"FieldTypeReportBuilderType":null,"row":6,"storedSize":{"styles":{"width":250,"height":74}},"hidePreview":false,"className":"DropDown-1621428752285-853-11","classUID":"1621428752285-853-11","uid":"1621428752285-853-11"},{"properties":{"label":{"title":"Label","type":"text","value":"Page","isHidden":{"top":false,"left":true,"right":true,"bottom":true}},"pager_text":{"title":"Pager text","type":"text","value":"Page"},"back_button":{"title":"Back button","type":"text","value":"Back"},"next_button":{"title":"Next button","type":"text","value":"Next"},"finish_button":{"title":"Finish button","type":"text","value":"Finish"},"label_align":{"title":"Label align","type":"select","value":"auto","options":["auto","left","center","right"]},"hide_label":{"title":"Hide Label","type":"checkbox","value":false,"keys":{"label":true,"label_align":true}},"name":{"type":"text","title":"Name","hide":true,"value":""},"page":{"hide":true,"value":3},"default":{"title":"Value","type":"text","value":"","hide":true},"header":{"title":"Edit Header","type":"ins_button"},"footer":{"title":"Edit Footer","type":"ins_button"},"sticky":{"title":"Sticky to footer","value":true},"hideFinish":{"title":"Hide finish button","value":false},"progress_indicator":{"title":"Show progress indicator","type":"checkbox","value":false},"pagebreak_path":{"title":"Show path","type":"checkbox","value":false},"condition":{"value":true},"skip_validations":{"title":"Skip validations","type":"checkbox","value":false},"disable_path_links":{"title":"Disable path links","type":"checkbox","value":false},"isSetOrder":true,"field_id":{"id":"fld12"},"styles":{"Container-1621428752285-843-12":{"options":{"top":612,"left":129,"width":600,"taborder":6},"container":{}},"PageBreak-1621428752285-843-12":{"element":{"width":"600px","color":"rgba(255,255,255,1)"},"container":{}}},"subIndex":1},"isNew":true,"visible":"hide","FieldTypeID":30,"FieldTypeName":"PageBreak","FieldTypeDescription":"an element that divides the form into pages","FieldTypeIsDataContainer":0,"FieldTypeIsForForm":1,"FieldTypeIsForReport":0,"FieldTypeConditionType":null,"FieldTypeIsBasic":0,"FieldTypeOrder":12,"FieldTypeIsLabelAssociated":0,"FieldTypeFormBuilderType":1,"FieldTypeReportBuilderType":null,"row":5,"storedSize":{"styles":{"width":1400,"height":70}},"hidePreview":false,"className":"PageBreak-1621428752285-843-12","classUID":"1621428752285-843-12","isNext":false,"uid":"1621428752285-843-12"}],[],[],[]],"customEmailToFormOwner":{"isCustomEmailToFormOwner":true,"settings":{},"expression":"this is custom mail to owner:<br><span contenteditable=\"false\" data-uid=\"{1621426479717-208-1}\" class=\"highlight\">Textbox</span><br>","expression_text":"this is custom mail to owner:<br>{1621426479717-208-1}<br>","uids":{"1621426479717-208-1":true}},"additionalEmails":false,"customEmailFormat":{"isCustomEmail":false,"expression":"","expression_text":""},"isReplyToEmail":false,"replyToEmail":"","additionalEmailsList":"","additional_mails":"","custom_mail_format":"","redirect_url":"","redirectToUrl":false,"confirmation_text":"","confirmationText":true,"form_time_zone":2,"auto_translation":false,"delete_button_with_confirmation":"","user_notice":false,"unique_submission":false,"quota_limit":false,"quota_limit_count":0,"availableDateFrom":"2021-05-19T12:14:26.511Z","availableDateTo":"2021-05-19T12:14:26.511Z","availableFromTo":false,"disable":false,"acceleration":false,"chats":false,"heatmap":true,"randomize":false,"save2db":false,"autotranslate":false,"google_prediction":false,"geo_ip":false,"abTestingEnable":false,"typeOfForm":-1,"rules":[],"valueRule":[],"formUrlExtension":"ftf3d57c891621426467088","isChangedUrlExtension":false,"validIndicator":false,"errorIndicator":false,"dontSaveData":false,"generateBarCode":false,"usability":false,"seo":{"title":"","description":"","keywords":""},"submit":{"value":"Submit Form"},"securedLogo":false,"autocorrectForMobile":false,"customSubject":{"expression":null,"expression_text":null,"showEditor":false},"customHeader":{"expression":null,"expression_text":null,"showEditor":false},"customFooter":{"expression":null,"expression_text":null,"showEditor":false},"direction":{"isChecked":false,"value":"ltr"},"styles":{"Form":{"element":{"width":"1400px","height":"700px","size":"custom","display":"block","background-color":"rgba(0,183,203,1)","border-style":"solid","border-top-width":"","border-width":"2px","border-color":"rgba(255,255,255,1)"},"options":{"isImage":false,"defaultImgObj":[],"asterix":{"color":""},"shadowBox":"10px 20px 30px "},"container":{"text-align":"center"}},"Page":{"options":{"imgPath":"https://formtitanusersimages.s3.amazonaws.com/503e7d806ffff811d4eca2731d64350d.jpg","isImage":true,"defaultImgObj":[],"background-image":"url(https://formtitanusersimages.s3.amazonaws.com/503e7d806ffff811d4eca2731d64350d.jpg)","background-repeat":true,"background-size":true},"container":{},"element":{"padding-left":"100px","background-image":"none","background-repeat":"none","background":"#f0f0f0","background-color":"rgba(240,240,240,1)"}},"Button-FormButton":{"element":{"background-image":"","border-style":"none","border-width":"px","border-color":"rgba(145,145,145,1)","border-radius":"10px","font-family":"Tahoma, Verdana, sans-serif","font-size":"16px","color":"rgba(255,255,255,1)","size":"custom","width":"320px","height":"45px","background-color":"rgba(6,153,144,1)","background-repeat":"no-repeat","font-weight":"normal","margin-bottom":"6px"},"options":{"background-size":"","background-attachment":"","background-repeat":"","defaultImgObj":[],"fontWeightBold":false,"background-image":"url(https://formtitanusersimages.s3.amazonaws.com/11c7c1bb6ec74f759af184118b394128.jpg)","imgPath":"https://formtitanusersimages.s3.amazonaws.com/11c7c1bb6ec74f759af184118b394128.jpg","isImage":true,"font-size":16},"container":{},"type":"GeneralElement","label":{"font-family":"Arial, 'Helvetica Neue', Helvetica, sans-serif","font-size":"16px","color":"rgba(255,255,255,1)"}},"GeneralElement":{"element":{"background-image":"","border-style":"none","border-width":"px","border-color":"rgba(145,145,145,1)","border-radius":"4px","padding-left":"10px","font-family":"Arial, 'Helvetica Neue', Helvetica, sans-serif","font-size":"16px","color":"rgba(255,255,255,1)","background-repeat":"no-repeat","background-color":"rgb(228,79,5)","font-weight":"normal","background":"rgb(228,79,5)"},"options":{"isImage":false,"defaultImgObj":[],"fontWeightBold":false,"background-image":"url(https://formtitanusersimages.s3.amazonaws.com/11c7c1bb6ec74f759af184118b394128.jpg)","imgPath":"https://formtitanusersimages.s3.amazonaws.com/11c7c1bb6ec74f759af184118b394128.jpg","font-size":16},"label":{},"container":{},"type":"GeneralElement"},"GeneralAll":{"element":{},"container":{},"label":{}}},"panelSettings":{"toolbar":{"isHide":true}},"PageBreak":{"header":"","footer":""},"ver":2,"abTestingConfig":{"forms":[]},"footer":{"elements":[{"FieldTypeName":"Button","properties":{"type":{"title":"Button Type:","type":"select","value":"submit","options":["submit","reset","print","draft","dummy","Salesforce Action","Visual Composer","Go Prev","Go Next","Go to page","Reset signature","Modal signature","Condition","SmartV Logout","Redirect","SSO Logout","XML Parser","Twilio","Close Twilio","Refresh Location","Barcode Scanner"]},"align":{"title":"Button align","type":"select","value":"auto","options":["auto","left","center","right"]},"user_tip":{"title":"User tip","type":"text","value":""},"img_btn_url":{"title":"Choose BackGround Image","type":"imageBackground","value":"","src":""},"default":{"title":"Button text","type":"text","value":"Submit"},"admin_field_only":{"title":"Admin Field","type":"checkbox","value":false},"unique_value":{"title":"Unique value","type":"checkbox","value":false},"confirmation_mode":{"title":"Confirmation mode","type":"checkbox","value":false},"onclick_action":{"title":"On click action","type":"checkbox","value":false},"prop_disabled":{"value":true},"field_id":{"value":true}}}],"sortableOptions":{"connectWith":".elements-list","placeholder":"placeholder-element","handle":".formElementHandle,#moveElement,.form-element","appendTo":"body","revert":"invalid","revertDuration":800,"scroll":false,"cursor":"move","delay":150}},"testing":{"list":[{"value":0,"label":"item1"},{"value":1,"label":"item2"}]},"analytics":{"viewID":""},"personalization":{"language":{"code":"en","name":"English","nativeName":"English"},"timezone":{"value":"Israel Standard Time","abbr":"JDT","offset":2,"isdst":true,"text":"(UTC+02:00) Jerusalem"},"geolocation":false,"submitMsg":"Submitting your form ...","showOptionalLabel":{"value":false,"label":"(Optional)"},"showMandatoryExplanation":{"value":false,"text":"* is mandatory field"}},"autofilter":false,"currentDevice":"Desktop","pagerCount":3,"enabledVersions":true,"ruller":{"leftLines":{},"topLines":{}},"ThemeID":11839,"id":1046604,"croNotifycation":{"cro":20},"formVersionSettings":{"isUseGit":true,"repo":"amy-forms.txt","branch":"main"},"styles_tablet":{"Form":{"element":{"width":"1000px","height":"700px"}}},"styles_mobile":{"Form":{"element":{"width":"1000px","height":"700px"}}},"styles_mini":{"Form":{"element":{"width":"1000px","height":"700px"}}},"pushNotify":{"items":{"fileSharing":{"googleDocs":{"id":1,"filePath":"amyxx","filePrefix":"","type":"googledoc","enabled":true},"googleSpreadsheet":{"id":1,"fileName":"","filePath":"","filePrefix":"","fileSheet":"","gridFields":{},"type":"googlespreadsheet","storePlace":0,"rows":26,"enabled":null},"googleDrive":{"id":1,"filePath":"","type":"googleDrive","enabled":null},"googleCalendar":{"id":4,"type":"googleCalendar","enabled":null,"attendee":"","startDateTime":"","endDateTime":"","summary":"","description":""},"outlookCalendar":{"id":5,"type":"outlookCalendar","enabled":null,"attendee":"","startDateTime":"","endDateTime":"","summary":"","description":""},"outlookContact":{"id":6,"type":"outlookContact","enabled":null,"gridFields":{}},"dropbox":{"id":2,"filePath":"","filePrefix":"","enabled":null},"boxnet":{"id":3,"filePath":"","filePrefix":"","enabled":null},"onedrive":{"id":7,"filePath":"","filePrefix":"","enabled":null},"ftp":{"auth":{},"id":8,"filePath":"","filePrefix":"","enabled":null},"ccda":{"id":9,"mapping":{},"enabled":null},"sfMerge":{"id":10,"enabled":null},"sfLoader":{"id":12,"enabled":null},"amazonS3":{"id":11,"enabled":null}},"crm":{"salesforce":{"id":1,"enabled":true,"gridFields":{},"mapping":{"formFields":[],"crmFields":[]},"sfListActions":[{"action":"create","gridFields":{"Name":"1621426479717-208-1","Description":"1621427606077-696-3"},"uid":"1621427971549-623-555","platform":"prod","loadingMessage":"Saving....","isMapped":true,"sobject":"Account","InsteadEmpty":{},"sobjectLabel":"Account","fieldTypes":{"Name":"string","Description":"string"},"childrens":[],"disableDefaultPushOrder":false,"isParentPayment":false,"isChild":false}],"platform":"prod"},"dynamiccrm":{"id":7,"enabled":null,"gridFields":{},"mapping":{"formFields":[],"crmFields":[]},"crmListActions":[]},"solve360":{"id":2,"api":{},"segment":"","gridFields":{},"mapping":{"formFields":[],"crmFields":[]},"enabled":null},"zoho":{"id":3,"_module":"","gridFields":{},"mapping":{"formFields":[],"crmFields":[]},"enabled":null},"clinchpad":{"id":4,"segment":"","pipeline":"","lead":"","mapping":{"formFields":[],"crmFields":[]},"enabled":null},"webhook":{"id":5,"customURL":"","basicAuth":false,"user":"","password":"","enabled":null},"zapier":{"id":6,"customURL":"","enabled":null},"twilio":{"id":7,"enabled":null},"allscripts":{"id":8,"enabled":null},"nextgen":{"id":9,"enabled":null},"globalsign":{"id":10,"enabled":null},"samlsso":{"id":11,"enabled":null}},"newsLetter":{"constantContact":{"id":1,"enabled":null,"contactLists":"","list":"","gridFields":{},"mapping":{"formFields":[],"crmFields":[]}},"mailChimp":{"id":2,"enabled":null,"contactLists":"","list":"","gridFields":{},"mapping":{"formFields":[],"crmFields":[]}},"verticalResponse":{"id":3,"enabled":null,"list":"","gridFields":{},"mapping":{"formFields":[],"crmFields":[]}},"googleContact":{"id":4,"enabled":null,"group":"","gridFields":{}}},"socialmedia":{"twitter":{"id":1,"enabled":null,"data":{"content":{"text":"","expression":""}}},"facebook":{"id":2,"enabled":null,"data":{"content":{"text":"","expression":""}}},"wordpress":{"id":3,"enabled":null,"data":{"title":{"text":"","expression":""},"content":{"text":"","expression":""}}},"google":{"id":4,"enabled":null,"data":{"content":{"text":"","expression":""}}},"gemini":{"id":5,"enabled":null,"auth":{"apiURL":"","isAuth":false}},"radiusbob":{"id":6,"enabled":null,"auth":{"isAuth":false,"encrypted":false},"gridFields":{}}}},"count":2},"mappingFields":{"fontSize":14,"color":"#000F55","spaceBetweenSlides":30,"baseSize":{"fontSize":14},"enabled":true,"dynamicMode":true,"dynamicHtmlMapping":"<p><span style=\"font-size: 36px;\"><strong>dynamic test</strong></span><br /><br /><span class=\"pdf-mapping-element\" data-id=\"1621426479717-208-1\" data-type=\"element\">Textbox</span>&nbsp;</p>\n<p><span class=\"pdf-mapping-element\" data-id=\"1621426482809-911-2\" data-type=\"element\">Numeric</span>&nbsp;</p>","condition":{},"interactive":{},"buttons":{"continue":"Finish","close":"Cancel","preview":"Preview","Signature":"Click here to sign","FileUpload":"Click here to upload a file"},"previewBeforeSubmit":true,"pages":[]},"debug_mode":{"showHiddenFields":true},"isValidRule":0,"isCached":false,"isCachedHQImage":false,"isHeatmapUsed":true,"ownrUrlExtension":"amytsabbaedit1","selectedFieldTypesList":{}}