{"name":"Untitled form","title":"Form Title","description":"","new_editor":true,"show_title_description":true,"showHeader":false,"showFooter":false,"lang":1,"columns":1,"status":true,"template":0,"limits":0,"fldIndex":3,"captcha":false,"IpTracking":true,"post_data_url":"","send_mail":true,"elements":[[{"FieldTypeName":"Button","properties":{"type":{"title":"Button Type:","type":"select","value":"submit","options":["submit","reset","print","draft","dummy","Salesforce Action","Visual Composer","Go Prev","Go Next","Go to page","Reset signature","Modal signature","Condition","SmartV Logout","Redirect","SSO Logout","XML Parser","Twilio","Close Twilio","Refresh Location","Barcode Scanner","AllScripts"]},"align":{"title":"Button align","type":"select","value":"auto","options":["auto","left","center","right"]},"user_tip":{"title":"User tip","type":"text","value":""},"img_btn_url":{"title":"Choose BackGround Image","type":"imageBackground","value":"","src":""},"default":{"title":"Button text","type":"text","value":"Submit"},"admin_field_only":{"title":"Admin Field","type":"checkbox","value":false},"unique_value":{"title":"Unique value","type":"checkbox","value":false},"confirmation_mode":{"title":"Confirmation mode","type":"checkbox","value":false},"onclick_action":{"title":"On click action","type":"checkbox","value":false},"prop_disabled":{"value":true},"field_id":{"value":true,"id":"fld1"},"styles":{"Container-1621426468229-431-1":{"options":{"top":505,"left":357}}},"page":1},"FieldTypeIsLabelAssociated":0,"FieldTypeIsDataContainer":0,"FieldTypeConditionType":null,"uid":"1621426468229-431-1","visible":"show","className":"Button-1621426468229-431-1","classUID":"1621426468229-431-1","storedSize":{"styles":{"width":250,"height":40}},"hidePreview":false},{"properties":{"fieldtype":"string","label":{"title":"Label","type":"text","value":"Textbox","isHidden":{"top":false,"left":true,"right":true,"bottom":true}},"placeholder_field":{"title":"Placeholder","type":"text","value":""},"default":{"id":"textbox","title":"Default value","type":"text","value":"","data":true,"hide":false},"placeholder":{"value":"","check":true},"is_mandatory":{"title":"Mandatory","type":"checkbox","value":false},"user_tip":{"title":"User tip","type":"text","value":""},"admin_field_only":{"title":"Admin Field","type":"checkbox","value":false},"unique_value":{"title":"Unique value","type":"checkbox","value":false},"limit_chars":{"title":"Maximum Length","type":"text"},"valuerule":{"value":true},"condition":{"value":true},"size":{"value":"large","hide":true},"field_id":{"title":"Field ID","value":true,"id":"fld2"},"mask":{"title":"Field mask","type":"text","value":""},"use_mask_value":{"title":"Use mask value","type":"checkbox","value":false},"clear_mask_placeholder":{"title":"Auto clear placeholder","type":"checkbox","value":false},"autofocus":{"title":"Auto Focus","type":"checkbox","value":false},"password_mode":{"title":"Password mode","type":"checkbox","value":false},"numeric_keyboard":{"title":"Numeric keyboard","type":"checkbox","value":false},"decode_special_chars":{"title":"Decode special chars","type":"checkbox","value":false},"isSetOrder":true,"subIndex":1,"styles":{"Container-1621426479717-208-1":{"options":{"top":74,"left":218,"width":250,"taborder":2},"container":{}}},"enabledFloatingLabel":false,"page":1},"isNew":true,"uid":"1621426479717-208-1","visible":"show","FieldTypeID":2,"FieldTypeName":"Textbox","FieldTypeDescription":"input box for entering alphanumeric data","FieldTypeIsDataContainer":1,"FieldTypeIsForForm":1,"FieldTypeIsForReport":0,"FieldTypeConditionType":1,"FieldTypeIsBasic":1,"FieldTypeOrder":3,"FieldTypeIsLabelAssociated":1,"FieldTypeFormBuilderType":0,"FieldTypeReportBuilderType":null,"row":1,"storedSize":{"styles":{"width":250,"height":88}},"hidePreview":false,"className":"Textbox-1621426479717-208-1","classUID":"1621426479717-208-1"},{"properties":{"fieldtype":"int","label":{"title":"Label","type":"text","value":"Numeric","isHidden":{"top":false,"left":true,"right":true,"bottom":true}},"placeholder_field":{"title":"Placeholder","type":"text","value":""},"default":{"id":"numeric","title":"Default value","type":"number","value":"","data":true,"hide":false},"is_mandatory":{"title":"Mandatory","type":"checkbox","value":false},"user_tip":{"title":"User tip","type":"text","value":""},"type":{"title":"Type","type":"select","value":"integer","options":["integer","decimal"]},"min":{"title":"Min","type":"number","value":0},"max":{"title":"Max","type":"number","value":10000},"label_align":{"title":"Label align","type":"select","value":"auto","options":["auto","left","center","right"]},"hide_label":{"title":"Hide Label","type":"checkbox","value":false,"keys":{"label":true,"label_align":true}},"align":{"title":"Numeric align","type":"select","value":"left","options":["auto","left","center","right"]},"admin_field_only":{"title":"Admin Field","type":"checkbox","value":false},"unique_value":{"title":"Unique value","type":"checkbox","value":false},"valuerule":{"value":true},"condition":{"value":true},"field_id":{"value":true,"id":"fld3"},"autofocus":{"title":"Auto Focus","type":"checkbox","value":false},"decimalDigits":{"title":"Decimal digits","type":"number","value":0},"accurate_mode":{"title":"Accurate JS mode","type":"checkbox","value":false},"number_format":{"title":"PDF Format","value":""},"numeric_keyboard":{"title":"Numeric keyboard","type":"checkbox","value":false},"isSetOrder":true,"subIndex":1,"styles":{"Container-1621426482809-911-2":{"options":{"top":197,"left":218,"width":250,"taborder":3},"container":{}}},"enabledFloatingLabel":false,"page":1},"isNew":true,"uid":"1621426482809-911-2","visible":"show","FieldTypeID":19,"FieldTypeName":"Numeric","FieldTypeDescription":"input box for entering numeric data","FieldTypeIsDataContainer":1,"FieldTypeIsForForm":1,"FieldTypeIsForReport":0,"FieldTypeConditionType":2,"FieldTypeIsBasic":0,"FieldTypeOrder":4,"FieldTypeIsLabelAssociated":1,"FieldTypeFormBuilderType":0,"FieldTypeReportBuilderType":null,"row":2,"storedSize":{"styles":{"width":250,"height":88}},"hidePreview":false,"className":"Numeric-1621426482809-911-2","classUID":"1621426482809-911-2"}],[],[],[]],"customEmailToFormOwner":{"isCustomEmailToFormOwner":false,"expression":"","expression_text":""},"additionalEmails":false,"customEmailFormat":{"isCustomEmail":false,"expression":"","expression_text":""},"isReplyToEmail":false,"replyToEmail":"","additionalEmailsList":"","additional_mails":"","custom_mail_format":"","redirect_url":"","redirectToUrl":false,"confirmation_text":"","confirmationText":true,"form_time_zone":2,"auto_translation":false,"delete_button_with_confirmation":"","user_notice":false,"unique_submission":false,"quota_limit":false,"quota_limit_count":0,"availableDateFrom":"2021-05-19T12:14:26.511Z","availableDateTo":"2021-05-19T12:14:26.511Z","availableFromTo":false,"disable":false,"acceleration":false,"chats":false,"heatmap":false,"randomize":false,"save2db":false,"autotranslate":false,"google_prediction":false,"geo_ip":false,"abTestingEnable":false,"typeOfForm":-1,"rules":[],"valueRule":[],"formUrlExtension":"ftf3d57c891621426467088","isChangedUrlExtension":false,"validIndicator":true,"errorIndicator":true,"dontSaveData":false,"generateBarCode":false,"usability":false,"seo":{"title":"","description":"","keywords":""},"submit":{"value":"Submit Form"},"securedLogo":false,"autocorrectForMobile":false,"customSubject":{"expression":null,"expression_text":null,"showEditor":false},"customHeader":{"expression":null,"expression_text":null,"showEditor":false},"customFooter":{"expression":null,"expression_text":null,"showEditor":false},"direction":{"isChecked":false,"value":"ltr"},"styles":{"Form":{"element":{"options":{"margin-left":0,"margin-right":0,"margin-top":"10px","margin-bottom":0},"box-shadow":"","snapToGrid":false,"font-family":"Verdana, Geneva, sans-serif","color":"rgba(10,0,0,1)","background-color":"rgb(186,204,232)","size":"custom","width":"1000px","display":"block","border-style":"none","height":"700px","drag_x":"40","drag_y":"40","background":"rgb(186,204,232)"},"options":{"isImage":false,"defaultImgObj":[],"asterix":{"color":""},"shadowBox":"10px 20px 30px "},"container":{"text-align":"center"}}},"panelSettings":{"toolbar":{"isHide":true}},"PageBreak":{"header":"","footer":""},"ver":2,"abTestingConfig":{"forms":[]},"footer":{"elements":[{"FieldTypeName":"Button","properties":{"type":{"title":"Button Type:","type":"select","value":"submit","options":["submit","reset","print","draft","dummy","Salesforce Action","Visual Composer","Go Prev","Go Next","Go to page","Reset signature","Modal signature","Condition","SmartV Logout","Redirect","SSO Logout","XML Parser","Twilio","Close Twilio","Refresh Location","Barcode Scanner"]},"align":{"title":"Button align","type":"select","value":"auto","options":["auto","left","center","right"]},"user_tip":{"title":"User tip","type":"text","value":""},"img_btn_url":{"title":"Choose BackGround Image","type":"imageBackground","value":"","src":""},"default":{"title":"Button text","type":"text","value":"Submit"},"admin_field_only":{"title":"Admin Field","type":"checkbox","value":false},"unique_value":{"title":"Unique value","type":"checkbox","value":false},"confirmation_mode":{"title":"Confirmation mode","type":"checkbox","value":false},"onclick_action":{"title":"On click action","type":"checkbox","value":false},"prop_disabled":{"value":true},"field_id":{"value":true}}}],"sortableOptions":{"connectWith":".elements-list","placeholder":"placeholder-element","handle":".formElementHandle,#moveElement,.form-element","appendTo":"body","revert":"invalid","revertDuration":800,"scroll":false,"cursor":"move","delay":150}},"testing":{"list":[{"value":0,"label":"item1"},{"value":1,"label":"item2"}]},"analytics":{"viewID":""},"personalization":{"language":{"code":"en","name":"English","nativeName":"English"},"timezone":{},"geolocation":false,"submitMsg":"Submitting your form ...","showOptionalLabel":{"value":false,"label":"(Optional)"},"showMandatoryExplanation":{"value":false,"text":"* is mandatory field"}},"autofilter":false,"currentDevice":"Desktop","pagerCount":0,"enabledVersions":true,"ruller":{"leftLines":{},"topLines":{}},"ThemeID":511912,"id":"1046604","croNotifycation":{"cro":20},"formVersionSettings":{"isUseGit":true,"repo":"amy-forms.txt","branch":"main"},"isValidRule":0,"isCached":false,"isCachedHQImage":false,"isHeatmapUsed":true,"ownrUrlExtension":"amytsabbaedit1","selectedFieldTypesList":{}}