{"IsDeleted":false,"Description":"","IsDisabled":false,"isPublic":false,"Version":0,"_id":"60a514773439fa7391d2dabd","Name":"test versions","Settings":{"styles":{"Header":{"type":"Header","IsConfiguredDevice":{"sm":true}},"Footer":{"type":"Footer","IsConfiguredDevice":{"sm":true},"lg":{"type":"Footer","columns":1,"rows":1,"areas":[["a"]]}},"Drawer":{"type":"Drawer","IsConfiguredDevice":{"sm":true}},"SmartVLoginPage":{"type":"SmartVLoginPage","IsConfiguredDevice":{"sm":true}},"SmartVSignUpPage":{"type":"SmartVSignUpPage","IsConfiguredDevice":{"sm":true}},"SmartVVerificationPage":{"type":"SmartVVerificationPage","IsConfiguredDevice":{"sm":true}}},"params":[{"id":"630d89c3-57c0-490a-844a-39f51e33953b","valueType":"system","name":"year","value":"","paramType":"system","systemValue":"year"}],"theme":{"primaryColor":"#0091ff","primary":"rgba(204,219,134, 1)","color":"rgba(127,127,127, 1)","page404":{"elements":{"f0f25d44-e2f5-4422-b0ff-9e7d04b27d23":{"type":"Strip","props":{"styleRef":"f0f25d44-e2f5-4422-b0ff-9e7d04b27d23"},"children":["4b2424a1-4503-4178-bab7-e6a2006bd72b"],"parent":null},"4b2424a1-4503-4178-bab7-e6a2006bd72b":{"type":"Image","props":{"lg":{"src":"https://d3255hq6rclyj1.cloudfront.net/5fb4d90832a3003d6cde2e7d_ftusergal_.png","alt":"","gridArea":"Col1","position":{"left":222,"top":77,"leftUnit":"px","topUnit":"px","right":"","bottom":"","transform":""}},"styleRef":"4b2424a1-4503-4178-bab7-e6a2006bd72b"},"children":[],"parent":"f0f25d44-e2f5-4422-b0ff-9e7d04b27d23"}},"Grid":["f0f25d44-e2f5-4422-b0ff-9e7d04b27d23"],"styles":{"f0f25d44-e2f5-4422-b0ff-9e7d04b27d23":{"type":"Strip","lg":{"columns":1,"rows":1,"areas":[["Col1"]],"root":{"minHeight":647},"row0":647,"row0Unit":"px"}},"4b2424a1-4503-4178-bab7-e6a2006bd72b":{"lg":{"root":{"height":467}},"type":"Image","isHidden":{"lg":false}}}},"secondaryContrastColor":"#0091ff","secondaryColor":"#fff","fontFamily":"'Nunito', sans-serif;","secondary":"rgba(103,159,48, 1)","backgroundColor":"rgba(0,55,0, 1)","FormField":{"all":{"primary":"#679F30","label":{"fontFamily":"'Nunito', sans-serif;","fontWeight":"normal","fontSize":"16px","width":"1367"},"labelColor":"","labelShrink":{"fontFamily":"'Nunito', sans-serif;","fontWeight":"normal","fontSize":"14px"},"labelColorShrink":"#679F30","text":"#7F7F7F","input":{"fontFamily":"'Nunito', sans-serif;","fontWeight":"normal","fontSize":"16px","width":"1367"},"errorMsg":{"width":"1367"}},"upload":{"textVariant":"filled","filled":"#ffffffff","icon":"#679f30","input":{"width":"1367"},"label":{"width":"1367"},"errorMsg":{"width":"1367"}},"buttongroup":{"inputSelected":{"fontFamily":"'Nunito', sans-serif;","fontWeight":"normal"},"textSelected":"rgba(0,55,0, 1)","primaryActive":"rgba(204,219,134, 1)","filledBtnColor":"rgba(204,219,134, 1)","input":{"fontFamily":"'Nunito', sans-serif;","fontWeight":"normal","fontSize":"14px","width":"1367"},"text":"#ffffffff","textHover":"rgba(0,55,0, 1)","inputActive":{"fontFamily":"'Nunito', sans-serif;","fontWeight":"normal"},"inputHover":{"fontFamily":"'Nunito', sans-serif;","fontWeight":"normal"},"textActive":"rgba(0,55,0, 1)","label":{"width":"1367"},"errorMsg":{"width":"1367"},"primaryHover":"rgba(204,219,134, 1)","primarySelected":"rgba(204,219,134, 1)"},"multiSelect":{"textItem":"#ffffffff","inputList":{"fontFamily":"'Nunito', sans-serif;","fontWeight":"normal","fontSize":"16px"},"input":{"fontFamily":"'Nunito', sans-serif;","fontWeight":"normal","fontSize":"16px","width":"1367"},"textList":"#7F7F7F","text":"#7F7F7F","chipFill":"#679F30","label":{"width":"1367"},"errorMsg":{"width":"1367"},"inputItem":{"fontFamily":"'Nunito', sans-serif;","fontWeight":"normal","fontSize":"14px"},"chipIconColor":"#ffffff"},"signature":{"borderColor":"#dde0cd ","borderWidth":"1","input":{"width":"1367"},"label":{"width":"1367"},"errorMsg":{"width":"1367"}}},"_id":"5fbe224af865355e747a107f","Type":"ThemeTemplate","lg":{"SmartVLoginForm":{"title":{"fontFamily":"'Nunito', sans-serif;","fontWeight":"normal","fontSize":"50px"},"description":{"fontFamily":"'Nunito', sans-serif;","fontWeight":"normal","fontSize":"18px"},"buttonContinue":{"backgroundColor":"rgba(103,159,48, 1)"},"bottomText":{"fontFamily":"'Nunito', sans-serif;","fontWeight":"normal","fontSize":"18px","color":"rgba(127,127,127, 1)"},"bottomLink":{"fontFamily":"'Nunito', sans-serif;","fontWeight":"normal","fontSize":"16px","color":"#3d96ffff"},"width":"1367"},"EComCatCtrl-Narrow":{"saleItm":{"backgroundColor":"#89bf4cff"},"soldItm":{"backgroundColor":"#d26256ff"},"width":"1367"},"YouTube":{"root":{"position":"absolute","fontFamily":"'Nunito', sans-serif;","fontSize":"","fontWeight":"normal","width":"300","height":"180","color":"rgba(127, 127, 127, 1)"},"width":"1367"},"TreeView":{"item":{"fontFamily":"'Nunito', sans-serif;","fontWeight":"normal","fontSize":"16px","color":"rgba(127, 127, 127, 1)"},"itemSelected":{"fontFamily":"'Nunito', sans-serif;","fontSize":"16px","fontWeight":"normal","backgroundColor":"#e6ecc9"},"ctrlIcon":{"stroke":"#000000ff","strokeWidth":"2"},"width":"1367","root":{"width":"300","height":"200"}},"Badge":{"icon":{"width":"30","height":"30"},"badge":{"color":"#ffffffff","borderStyle":"solid","width":"25","height":"25","fontWeight":"normal","fontSize":"16px","fontFamily":"'Nunito', sans-serif;","backgroundColor":"rgba(103,159,48, 1)","borderWidth":"0","borderRadius":"25"},"width":"1367"},"form":{"successMsgRoot":{"fontFamily":"'Nunito', sans-serif;","fontSize":"","fontWeight":"normal","color":"rgba(127, 127, 127, 1)"},"root":{"color":"rgba(127, 127, 127, 1)","borderStyle":"solid","width":"1367","height":"200","fontWeight":"normal","position":"absolute","widthUnit":"px","heightUnit":"px","fontSize":"","fontFamily":"'Nunito', sans-serif;","borderColor":"#dde0cd ","minHeight":"unset","borderWidth":"1","minHeightUnit":"%"},"errorMsgText":{"fontFamily":"'Nunito', sans-serif;","fontSize":"14px","lineHeight":"18","letterSpacing":0,"fontWeight":"normal","color":"rgba(127, 127, 127, 1)"},"width":"1367","buttonHover":{"color":"rgba(255, 255, 255, 1)","backgroundColor":"rgba(103, 159, 48, 1)"},"errorMsgButton":{"color":"rgba(255, 255, 255, 1)","borderStyle":"solid","fontWeight":"bold","fontSize":"16px","fontFamily":"'Nunito', sans-serif;","backgroundColor":"#ccdb86","borderWidth":"0","lineHeight":"22","letterSpacing":0,"borderRadius":14},"successMsgText":{"fontFamily":"'Nunito', sans-serif;","fontSize":"14px","lineHeight":"18","letterSpacing":0,"fontWeight":"normal","color":"rgba(127, 127, 127, 1)"},"underline":{"borderColor":"#b7b7b7ff","borderWidth":"1","activeBorderColor":"#679F30","activeBorderWidth":"1"},"header":{"fontFamily":"'Nunito', sans-serif;","fontSize":"30px","lineHeight":"50","letterSpacing":0,"fontWeight":"normal","color":"rgba(127, 127, 127, 1)"},"scroll":{"color":"rgba(127, 127, 127, 1)","borderStyle":"solid","thumbImage":"linear-gradient(90deg, rgb(221, 224, 205) 0%,rgb(204, 219, 134) 97.7%)","width":"1367","fontWeight":"normal","fontFamily":"'Nunito', sans-serif;","borderColor":"rgba(185, 184, 184, 1)","borderWidth":"1","scrollBarColor":"rgba(243, 244, 235, 1)","borderRadius":"2"},"headerDescription":{"fontFamily":"'Nunito', sans-serif;","fontSize":"16px","lineHeight":"22","letterSpacing":0,"fontWeight":"normal","color":"rgba(127, 127, 127, 1)"},"successMsgButton":{"color":"rgba(255, 255, 255, 1)","borderStyle":"solid","fontWeight":"bold","fontSize":"16px","fontFamily":"'Nunito', sans-serif;","backgroundColor":"#ccdb86","borderWidth":"0","lineHeight":"22","letterSpacing":0,"borderRadius":14},"errorMsgicon":{"fontFamily":"'Nunito', sans-serif;","fontSize":"","fontWeight":"normal","color":"rgba(127, 127, 127, 1)","backgroundColor":"rgba(228, 224, 224, 1)"},"button":{"color":"rgba(255, 255, 255, 1)","borderStyle":"solid","width":"1367","marginTop":"10","height":"40","fontWeight":"normal","fontSize":"16px","fontFamily":"'Nunito', sans-serif;","backgroundColor":"rgba(103, 159, 48, 1)","borderWidth":"0","lineHeight":"22","letterSpacing":0,"borderRadius":"20"},"errorMsgIconRoot":{"fontFamily":"'Nunito', sans-serif;","fontSize":"","fontWeight":"normal","color":"rgba(127, 127, 127, 1)"},"label":{"fontFamily":"'Nunito', sans-serif;","fontSize":"16px","lineHeight":"18","letterSpacing":0,"fontWeight":"normal","color":"rgba(127, 127, 127, 1)"},"successMsgicon":{"fontFamily":"'Nunito', sans-serif;","fontSize":"","fontWeight":"normal","color":"rgba(255, 255, 255, 1)","backgroundColor":"#679f30"},"buttonActive":{"color":"rgba(255, 255, 255, 1)","backgroundColor":"rgba(103, 159, 48, 1)"},"floatLabel":{"fontFamily":"'Nunito', sans-serif;","fontSize":"16px","lineHeight":"18","letterSpacing":0,"fontWeight":"normal","color":"rgba(127, 127, 127, 1)"},"successMsgIconRoot":{"fontFamily":"'Nunito', sans-serif;","fontSize":"","fontWeight":"normal","color":"rgba(127, 127, 127, 1)"},"successMsgTitle":{"fontFamily":"'Nunito', sans-serif;","fontSize":"18px","lineHeight":"23","letterSpacing":0,"fontWeight":"normal","color":"rgba(127, 127, 127, 1)"},"errorMsgRoot":{"fontFamily":"'Nunito', sans-serif;","fontSize":"","fontWeight":"normal","color":"rgba(127, 127, 127, 1)"},"element":{"fontFamily":"'Nunito', sans-serif;","fontSize":"16px","lineHeight":"20","letterSpacing":0,"fontWeight":"normal","color":"rgba(127, 127, 127, 1)"},"errorMsgTitle":{"fontFamily":"'Nunito', sans-serif;","fontSize":"18px","lineHeight":"23","letterSpacing":0,"fontWeight":"normal","color":"rgba(127, 127, 127, 1)"}},"Vimeo":{"root":{"position":"absolute","fontFamily":"'Nunito', sans-serif;","fontSize":"","fontWeight":"normal","width":"300","height":"180","color":"rgba(127, 127, 127, 1)"},"width":"1367"},"Svg":{"root":{"fill":"#dde0cd","color":"rgba(127, 127, 127, 1)","width":"50","height":"50","fontWeight":"normal","position":"absolute","strokeWidth":"","fontSize":"","fontFamily":"'Nunito', sans-serif;","stroke":""},"element":{"fontFamily":"'Nunito', sans-serif;","fontSize":"","fontWeight":"normal","color":"rgba(127, 127, 127, 1)"},"shape":{"fill":"#dde0cd","color":"rgba(127, 127, 127, 1)","width":"50","height":"50","fontWeight":"normal","strokeWidth":"2","fontSize":"","fontFamily":"'Nunito', sans-serif;","stroke":"rgba(103, 159, 48, 1)"},"icon":{"fill":"#679f30","color":"rgba(127, 127, 127, 1)","width":"50","height":"50","fontWeight":"normal","strokeWidth":"","fontSize":"","fontFamily":"'Nunito', sans-serif;","stroke":""},"width":"1367"},"Widget":{"root":{"position":"absolute","width":"1367","widthUnit":"%","minHeight":"unset","minHeightUnit":"%","height":"100","heightUnit":"%"},"width":"1367"},"iframe":{"root":{"borderStyle":"solid","width":"200","height":"200","position":"absolute","widthUnit":"px","heightUnit":"px","borderColor":"rgba(201, 201, 201, 1)","minHeight":"unset","borderWidth":"1","minHeightUnit":"%"},"width":"1367"},"CustomLoader":{"loader":{"backgroundImage":"https://d34n0xw2ofs24w.cloudfront.net/animationpreloaders/animation_13.gif","height":"100","width":"1367"},"width":"1367"},"Section":{"root":{"color":"rgba(127, 127, 127, 1)","borderStyle":"dashed","width":"200","height":"200","fontWeight":"normal","position":"absolute","fontSize":"","fontFamily":"'Nunito', sans-serif;","borderColor":"rgba(201, 201, 201, 1)","borderWidth":"2"},"width":"1367"},"EComBadge":{"icon":{"width":"30","height":"30"},"badge":{"color":"#ffffffff","borderStyle":"solid","width":"25","height":"25","fontWeight":"normal","fontSize":"16px","fontFamily":"'Nunito', sans-serif;","backgroundColor":"rgba(103,159,48, 1)","borderColor":"#ffffffff","borderWidth":"0","borderRadius":"25"},"width":"1367"},"Accordion":{"root":{"fontFamily":"'Nunito', sans-serif;","width":"400","height":"300"},"acrdPanel":{"backgroundColor":"rgba(204,219,134, 1)"},"acrdTitle":{"fontFamily":"'Nunito', sans-serif;","fontWeight":"normal","fontSize":"16px","color":"#000000ff"},"width":"1367"},"Search":{"root":{"shadow":[],"color":"rgba(127, 127, 127, 1)","borderStyle":"solid","width":"1367","height":"32","fontWeight":"normal","position":"absolute","fontSize":"16px","fontFamily":"'Nunito', sans-serif;","backgroundColor":"rgba(255, 255, 255, 1)","borderColor":"#b7b7b7 ","textAlign":"left","paddingLeft":"15","borderWidth":"1","lineHeight":"27","letterSpacing":0,"borderRadius":"10"},"width":"1367"},"Stack":{"root":{"color":"rgba(127, 127, 127, 1)","borderStyle":"dashed","width":"200","height":"200","fontWeight":"normal","position":"absolute","fontSize":"","fontFamily":"'Nunito', sans-serif;","borderColor":"rgba(201, 201, 201, 1)","borderWidth":"2"},"width":"1367"},"PowerTable":{"thr-0":{"backgroundColor":"#679f30","fontFamily":"'Nunito', sans-serif;","fontWeight":"normal","fontSize":"16px","color":"#ffffffff"},"root":{"borderColor":"#dde0cd ","borderWidth":"1","borderStyle":"solid","shadow":[],"fontFamily":"'Nunito', sans-serif;","color":"rgba(127,127,127, 1)","width":"400","height":"300"},"thr-1":{"backgroundColor":"#ccdb86","fontFamily":"'Nunito', sans-serif;","fontWeight":"normal","fontSize":"16px","color":"#7f7f7fff"},"thr-2":{"backgroundColor":"#e6ecc9","fontFamily":"'Nunito', sans-serif;","fontWeight":"normal","fontSize":"16px","color":"#7f7f7fff"},"thr-3":{"backgroundColor":"#dddfd1","fontFamily":"'Nunito', sans-serif;","fontWeight":"normal","fontSize":"16px","color":"#7f7f7fff"},"thr-4":{"backgroundColor":"#e7e7e3","fontFamily":"'Nunito', sans-serif;","fontWeight":"normal","fontSize":"16px","color":"#7f7f7fff"},"width":"1367","thr-5":{"backgroundColor":"#eeeeeb","fontFamily":"'Nunito', sans-serif;","fontSize":"16px","fontWeight":"normal","color":"#7f7f7fff"},"qSubmit":{"color":"#ffffffff","borderStyle":"solid","width":"1367","height":"35","fontWeight":"normal","marginRight":"10","fontSize":"16px","fontFamily":"'Nunito', sans-serif;","backgroundColor":"rgba(103,159,48, 1)","marginBottom":"10","borderWidth":"0","borderRadius":"10"},"qDiscard":{"color":"#ffffffff","borderStyle":"solid","width":"1367","height":"35","fontWeight":"normal","fontSize":"16px","fontFamily":"'Nunito', sans-serif;","backgroundColor":"rgba(103,159,48, 1)","marginBottom":"10","borderWidth":"0","borderRadius":"10"},"apply":{"color":"rgba(127,127,127, 1)","borderStyle":"solid","width":"1367","height":"35","fontWeight":"normal","fontSize":"14px","fontFamily":"'Nunito', sans-serif;","backgroundColor":"#e6ecc9","borderWidth":"0"},"td":{"fontFamily":"'Nunito', sans-serif;","fontWeight":"normal","fontSize":"14px","color":"#7f7f7fff"},"quickButtons":{"justifyContent":"center"},"editDlg":{"shadow":[{"x":"2","y":"2","blur":"2","spread":"2","color":"#7f7f7f40"}],"borderColor":"#dde0cd ","borderWidth":"1","borderStyle":"solid","width":"1367","height":"160"},"cancel":{"color":"rgba(127,127,127, 1)","borderStyle":"solid","width":"1367","height":"35","fontWeight":"normal","fontSize":"14px","fontFamily":"'Nunito', sans-serif;","backgroundColor":"#e6ecc9","borderWidth":"0"}},"SmartVLoginPage":{"root":{"fontFamily":"'Nunito', sans-serif;","fontSize":"","backgroundColor":"rgba(255, 255, 255, 1)","fontWeight":"normal","color":"rgba(127, 127, 127, 1)"},"buttonContinueHover":{"borderStyle":"solid","borderRadius":"14"},"bottomLink":{"fontFamily":"'Nunito', sans-serif;","fontSize":"16px","color":"rgba(127, 127, 127, 1)","lineHeight":"18","letterSpacing":0,"fontWeight":"normal"},"width":"1367","page":{"fontFamily":"'Nunito', sans-serif;","fontSize":"","fontWeight":"normal","color":"rgba(127, 127, 127, 1)","backgroundColor":"#efefe2ff"},"fieldInput":{"fontFamily":"'Nunito', sans-serif;","fontSize":"18px","lineHeight":"22","letterSpacing":0,"fontWeight":"normal","color":"rgba(127, 127, 127, 1)"},"bottomText":{"fontFamily":"'Nunito', sans-serif;","fontSize":"18px","lineHeight":"22","letterSpacing":0,"color":"rgba(127, 127, 127, 1)","fontWeight":"normal"},"title":{"fontFamily":"'Nunito', sans-serif;","fontSize":"46px","letterSpacing":0,"lineHeight":"56","color":"rgba(127, 127, 127, 1)","fontWeight":"normal"},"buttonContinue":{"fontFamily":"'Nunito', sans-serif;","fontSize":"","fontWeight":"normal","color":"#ffffffff","backgroundColor":"#679f30","borderStyle":"solid","borderRadius":"14"},"fieldLabel":{"fontFamily":"'Nunito', sans-serif;","fontSize":"14px","letterSpacing":0,"lineHeight":"16","color":"rgba(127, 127, 127, 1)","fontWeight":"normal"},"description":{"fontFamily":"'Nunito', sans-serif;","fontSize":"16px","lineHeight":"27","letterSpacing":0,"color":"rgba(127, 127, 127, 1)","fontWeight":"normal"},"buttonContinueActive":{"borderStyle":"solid","borderRadius":"14"}},"SmartVProfilePage":{"root":{"fontFamily":"'Nunito', sans-serif;","fontSize":"","fontWeight":"normal","color":"rgba(127, 127, 127, 1)"},"buttonContinueHover":{"backgroundColor":"#679f30","borderStyle":"solid","borderRadius":14},"width":"1367","page":{"fontFamily":"'Nunito', sans-serif;","fontSize":"","fontWeight":"normal","color":"rgba(127, 127, 127, 1)","backgroundColor":"#efefe2ff"},"fieldInput":{"fontFamily":"'Nunito', sans-serif;","fontSize":"18px","lineHeight":"22","letterSpacing":0,"color":"rgba(127, 127, 127, 1)","fontWeight":"normal","backgroundColor":"#dde0cd"},"title":{"fontFamily":"'Nunito', sans-serif;","fontSize":"46px","lineHeight":"56","letterSpacing":0,"fontWeight":"normal","color":"rgba(127, 127, 127, 1)"},"buttonContinue":{"color":"#ffffffff","borderStyle":"solid","fontWeight":"normal","fontSize":"18px","fontFamily":"'Nunito', sans-serif;","backgroundColor":"#679f30","lineHeight":"22","letterSpacing":0,"borderRadius":14},"fieldLabel":{"fontFamily":"'Nunito', sans-serif;","fontSize":"14px","lineHeight":"16","letterSpacing":0,"color":"rgba(127, 127, 127, 1)","fontWeight":"normal"},"description":{"fontFamily":"'Nunito', sans-serif;","fontSize":"16px","lineHeight":"24","letterSpacing":0,"fontWeight":"normal","color":"rgba(127, 127, 127, 1)"},"buttonContinueActive":{"backgroundColor":"#679f30","borderStyle":"solid","borderRadius":14}},"Progress":{"root":{"width":"60","height":"60","color":"rgba(103,159,48, 1)","lineWidth":"4"},"label":{"color":"#7f7f7fff","fontFamily":"'Nunito', sans-serif;","fontWeight":"normal","fontSize":"14px"},"width":"1367"},"Header":{"root":{"position":"relative","fontFamily":"'Nunito', sans-serif;","fontSize":"","backgroundColor":"#679f30","background":"","fontWeight":"normal","color":"rgba(127, 127, 127, 1)"},"profileIcon":{"fontFamily":"'Nunito', sans-serif;","fontSize":"","marginRight":"20","width":"1367","height":"25","marginLeft":"6","fontWeight":"normal","color":"rgba(127, 127, 127, 1)"},"profileMenuLink":{"fontFamily":"'Nunito', sans-serif;","fontSize":"","fontWeight":"normal","color":"rgba(127, 127, 127, 1)"},"profileLink":{"fontFamily":"'Nunito', sans-serif;","fontSize":"","marginRight":"","textAlign":"right","fontWeight":"normal","color":"rgba(255, 255, 255, 1)"},"width":"1367","profileMenu":{"fontFamily":"'Nunito', sans-serif;","fontSize":"","fontWeight":"normal","color":"rgba(127, 127, 127, 1)"},"logo":{"fontFamily":"'Nunito', sans-serif;","fontSize":"","fontWeight":"normal","color":"rgba(127, 127, 127, 1)"},"title":{"fontFamily":"'Nunito', sans-serif;","fontSize":"22px","lineHeight":"24","color":"rgba(255, 255, 255, 1)","marginRight":"30","fontWeight":"normal","backgroundColor":""},"link":{"fontFamily":"'Nunito', sans-serif;","fontSize":"","paddingLeft":"10","paddingRight":"10","fontWeight":"normal","color":"rgba(251, 251, 251, 1)"},"signInLink":{"fontFamily":"'Nunito', sans-serif;","fontSize":"","marginRight":"20","fontWeight":"normal","color":"rgba(255, 255, 255, 1)"}},"FileViewer":{"root":{"color":"rgba(127,127,127, 1)","borderStyle":"solid","width":"200","height":"200","fontWeight":"normal","fontSize":"16px","fontFamily":"'Nunito', sans-serif;","borderColor":"#dde0cd ","textAlign":"center","borderWidth":"1"},"error":{"fontFamily":"'Nunito', sans-serif;","fontWeight":"normal","fontSize":"16px","color":"rgba(127,127,127, 1)"},"width":"1367"},"table":{"col":{"fontFamily":"'Nunito', sans-serif;","fontSize":"","paddingTop":"0","paddingBottom":"0","fontWeight":"normal","color":"rgba(127, 127, 127, 1)"},"root":{"color":"rgba(127, 127, 127, 1)","borderStyle":"solid","width":"300","height":"200","fontWeight":"normal","position":"absolute","widthUnit":"px","heightUnit":"px","fontSize":"","fontFamily":"'Nunito', sans-serif;","backgroundColor":"#FFFFFF","borderColor":"#dde0cd ","minHeight":"unset","borderWidth":"1","minHeightUnit":"%","borderRadius":""},"tra":{"color":"rgba(127, 127, 127, 1)","height":"30","fontWeight":"normal","fontSize":"16px","fontFamily":"'Nunito', sans-serif;","backgroundColor":"#f3f4eb","textAlign":"left","lineHeight":"22","letterSpacing":0},"width":"1367","summary":{"color":"rgba(127, 127, 127, 1)","borderStyle":"solid","height":"35","fontWeight":"normal","fontSize":"16px","fontFamily":"'Nunito', sans-serif;","backgroundColor":"#dde0cd","borderColor":"","paddingLeft":"20","borderWidth":"0","lineHeight":"22","letterSpacing":0,"textDecoration":""},"gbf":{"fontFamily":"'Nunito', sans-serif;","fontWeight":"normal","fontSize":"14px","textAlign":"center","lineHeight":"22","letterSpacing":0,"color":"rgba(127, 127, 127, 1)"},"header":{"fontFamily":"'Nunito', sans-serif;","fontSize":"30px","lineHeight":"50","letterSpacing":0,"fontWeight":"normal","color":"rgba(127, 127, 127, 1)"},"scroll":{"color":"rgba(127, 127, 127, 1)","borderStyle":"solid","thumbImage":"linear-gradient(90deg, rgb(221, 224, 205) 0%,rgb(204, 219, 134) 100%)","width":"10","fontWeight":"normal","fontFamily":"'Nunito', sans-serif;","borderColor":"#b7b7b7","borderWidth":"1","scrollBarColor":"#f3f4eb","borderRadius":"2"},"headerDescription":{"fontFamily":"'Nunito', sans-serif;","fontSize":"16px","lineHeight":"22","letterSpacing":0,"fontWeight":"normal","color":"rgba(127, 127, 127, 1)"},"gbl":{"fontFamily":"'Nunito', sans-serif;","fontWeight":"normal","lineHeight":"20","letterSpacing":0,"textAlign":"left","fontSize":"14px","color":"rgba(127, 127, 127, 1)"},"button":{"fontFamily":"'Nunito', sans-serif;","fontSize":"16px","fontWeight":"normal","lineHeight":"22","letterSpacing":0,"color":"rgba(127, 127, 127, 1)"},"th":{"color":"rgba(255, 255, 255, 1)","borderStyle":"solid","height":"50","fontWeight":"bold","background":"","fontSize":"16px","fontFamily":"'Nunito', sans-serif;","backgroundColor":"#ccdb86","textAlign":"left","borderWidth":"0","lineHeight":"30","letterSpacing":0,"borderRadius":"0"},"icon":{"fontFamily":"'Nunito', sans-serif;","fontSize":"","fontWeight":"normal","color":"rgba(127, 127, 127, 1)"},"row":{"color":"rgba(127, 127, 127, 1)","paddingTop":"","height":"40","fontWeight":"normal","fontSize":"16px","fontFamily":"'Nunito', sans-serif;","backgroundColor":"rgba(255, 255, 255, 1)","textAlign":"left","lineHeight":"22","paddingBottom":"","letterSpacing":0}},"Typography":{"subhead":{"fontSize":"24px","fontFamily":"'Nunito', sans-serif;","color":"rgba(127, 127, 127, 1)","fontWeight":"bold","letterSpacing":0,"lineHeight":"40","backgroundColor":""},"root":{"position":"absolute","fontFamily":"'Nunito', sans-serif;","color":"rgba(127, 127, 127, 1)","fontSize":"","backgroundColor":"","fontWeight":"normal"},"width":"1367","caption":{"fontSize":"14px","fontFamily":"'Nunito', sans-serif;","color":"rgba(127, 127, 127, 1)","lineHeight":"23","letterSpacing":0,"backgroundColor":"","fontWeight":"normal"},"h1":{"fontSize":"46px","fontFamily":"'Nunito', sans-serif;","color":"rgba(127, 127, 127, 1)","fontWeight":"bold","lineHeight":"77","letterSpacing":0,"backgroundColor":""},"text":{"fontFamily":"'Nunito', sans-serif;","fontSize":"","fontWeight":"normal","color":"rgba(127, 127, 127, 1)"},"p":{"fontSize":"16px","fontFamily":"'Nunito', sans-serif;","color":"rgba(127, 127, 127, 1)","lineHeight":"27","letterSpacing":0,"backgroundColor":"","fontWeight":"normal"},"title":{"fontSize":"72px","fontFamily":"'Nunito', sans-serif;","color":"rgba(127, 127, 127, 1)","fontWeight":"bold","lineHeight":"120","letterSpacing":0,"backgroundColor":""},"link":{"fontWeight":"normal","color":"rgba(127, 127, 127, 1)","fontFamily":"'Nunito', sans-serif;"}},"Page":{"root":{"overflow":"visible","color":"rgba(127, 127, 127, 1)","fontFamily":"'Nunito', sans-serif;"}},"Window":{"root":{"backgroundColor":"rgba(255, 255, 255, 1)"},"width":"1367"},"titanForm":{"root":{"position":"absolute","fontFamily":"'Nunito', sans-serif;","fontSize":"","fontWeight":"normal","color":"rgba(127, 127, 127, 1)"},"width":"1367"},"Drawer":{"hamburgerIcon":{"fontFamily":"'Nunito', sans-serif;","fontSize":"","fontWeight":"normal","color":"rgba(247, 247, 247, 1)","backgroundColor":""},"root":{"fontFamily":"'Nunito', sans-serif;","fontSize":"","backgroundColor":"#ccdb86","background":"","fontWeight":"normal","color":"rgba(127, 127, 127, 1)"},"linkHover":{"backgroundColor":""},"width":"1367","logo":{"fontFamily":"'Nunito', sans-serif;","fontSize":"","fontWeight":"normal","color":"rgba(127, 127, 127, 1)"},"closeIcon":{"fontFamily":"'Nunito', sans-serif;","fontSize":"","fontWeight":"normal","color":"rgba(127, 127, 127, 1)"},"lightbox":{"backgroundColor":"rgba(255, 255, 255, 0.16)","fontWeight":"normal","color":"rgba(127, 127, 127, 1)","fontFamily":"'Nunito', sans-serif;"},"title":{"color":"rgba(127, 127, 127, 1)","marginTop":"","fontWeight":"normal","fontSize":"18px","fontFamily":"'Nunito', sans-serif;","marginLeft":"10","backgroundColor":"","marginBottom":"10","lineHeight":"22","letterSpacing":0},"icon":{"fontFamily":"'Nunito', sans-serif;","fontSize":"20px","fontWeight":"normal","color":"rgba(107, 107, 107, 1)"},"link":{"fontFamily":"'Nunito', sans-serif;","fontSize":"18px","lineHeight":"22","letterSpacing":0,"marginRight":"10","fontWeight":"normal","color":"rgba(127, 127, 127, 1)"}},"ItemList":{"root":{"position":"absolute","fontFamily":"'Nunito', sans-serif;","fontSize":"","fontWeight":"normal","color":"rgba(127, 127, 127, 1)"},"Item":{"color":"#ffffffff","paddingTop":"10","height":"","fontWeight":"normal","paddingRight":"20","fontSize":"16px","fontFamily":"'Nunito', sans-serif;","backgroundColor":"#679F30","textAlign":"center","paddingLeft":"20","lineHeight":"22","paddingBottom":"10","letterSpacing":0},"ItemHover":{"color":"rgba(127,127,127, 1)","paddingTop":"10","fontWeight":"normal","paddingRight":"20","fontSize":"16px","fontFamily":"'Nunito', sans-serif;","backgroundColor":"rgba(204,219,134, 1)","textAlign":"center","paddingLeft":"20","lineHeight":"22","paddingBottom":"10","letterSpacing":0},"ItemActive":{"color":"rgba(127,127,127, 1)","paddingTop":"10","fontWeight":"normal","paddingRight":"20","fontSize":"16px","fontFamily":"'Nunito', sans-serif;","backgroundColor":"rgba(204,219,134, 1)","textAlign":"center","paddingLeft":"20","lineHeight":"22","paddingBottom":"10","letterSpacing":0},"width":"1367"},"Stepper":{"root":{"width":"400","height":"300"},"labelComp":{"fontFamily":"'Nunito', sans-serif;","fontWeight":"normal","fontSize":"16px"},"panelRoot":{"width":"100","widthUnit":"%","height":"80"},"width":"1367","iconComplete":{"fill":"rgba(103,159,48, 1)"},"label":{"fontFamily":"'Nunito', sans-serif;","fontWeight":"normal","fontSize":"16px"},"labelActive":{"fontFamily":"'Nunito', sans-serif;","fontWeight":"normal","fontSize":"16px"},"btn":{"color":"#000000ff","borderStyle":"solid","width":"80","height":"30","fontWeight":"normal","marginRight":"10","fontSize":"14px","fontFamily":"'Nunito', sans-serif;","backgroundColor":"rgba(204,219,134, 1)","borderWidth":"0","borderRadius":"6"},"btnRoot":{"justifyContent":"center"},"iconActive":{"fill":"rgba(103,159,48, 1)"}},"galleryCarousel":{"root":{"color":"rgba(127, 127, 127, 1)","borderStyle":"solid","width":"700","height":"400","fontWeight":"normal","position":"absolute","widthUnit":"px","heightUnit":"px","fontSize":"","fontFamily":"'Nunito', sans-serif;","minHeight":"unset","borderWidth":"0","minHeightUnit":"%","borderRadius":"0"},"header":{"fontFamily":"'Nunito', sans-serif;","fontSize":"30px","lineHeight":"50","letterSpacing":0,"fontWeight":"normal","color":"rgba(127, 127, 127, 1)"},"headerDescription":{"fontFamily":"'Nunito', sans-serif;","fontSize":"16px","lineHeight":"22","letterSpacing":0,"fontWeight":"normal","color":"rgba(127, 127, 127, 1)"},"original":{"width":"400","height":"336","fontWeight":"normal","color":"rgba(127, 127, 127, 1)","fontFamily":"'Nunito', sans-serif;"},"thumbnail":{"width":"100","height":"100","fontWeight":"normal","borderColor":"rgba(253, 253, 253, 1)","borderStyle":"solid","borderWidth":"3","color":"rgba(127, 127, 127, 1)","fontFamily":"'Nunito', sans-serif;"},"thumbnailActive":{"width":"100","height":"100","fontWeight":"normal","borderColor":"rgba(104, 190, 255, 1)","borderStyle":"solid","borderWidth":"3","color":"rgba(127, 127, 127, 1)","fontFamily":"'Nunito', sans-serif;"},"width":"1367"},"Button":{"root":{"color":"rgba(127, 127, 127, 1)","borderStyle":"solid","width":"180","height":"42","fontWeight":"normal","position":"absolute","fontSize":"","fontFamily":"'Nunito', sans-serif;","borderColor":"#0091ff","borderWidth":"1","borderRadius":14},"primary":{"color":"rgba(255, 255, 255, 1)","paddingTop":"0","borderStyle":"solid","width":"180","height":"42","fontWeight":"normal","paddingRight":"0","fontSize":"18px","fontFamily":"'Nunito', sans-serif;","backgroundColor":"#679f30","borderColor":"#679f30","paddingLeft":"0","borderWidth":"1","lineHeight":"30","paddingBottom":"0","letterSpacing":0,"borderRadius":14},"width":"1367","secondaryHover":{"color":"rgba(103, 159, 48, 1)","paddingTop":"0","borderStyle":"solid","width":"1367","height":"42","fontWeight":"normal","paddingRight":"0","fontSize":"18px","fontFamily":"'Nunito', sans-serif;","backgroundColor":"rgba(255, 255, 255, 1)","borderColor":"#679f30","paddingLeft":"0","borderWidth":"1","lineHeight":"30","paddingBottom":"0","letterSpacing":0,"borderRadius":"14"},"rootActive":{"borderStyle":"solid","borderRadius":"14"},"primaryActive":{"color":"rgba(255, 255, 255, 1)","paddingTop":"0","borderStyle":"solid","width":"1367","height":"42","fontWeight":"normal","paddingRight":"0","fontSize":"18px","fontFamily":"'Nunito', sans-serif;","backgroundColor":"#679f30","borderColor":"#679f30","paddingLeft":"0","borderWidth":"1","lineHeight":"30","paddingBottom":"0","letterSpacing":0,"borderRadius":"14"},"button":{"fontFamily":"'Nunito', sans-serif;","fontSize":"","fontWeight":"normal","color":"rgba(127, 127, 127, 1)"},"secondary":{"color":"rgba(103, 159, 48, 1)","paddingTop":"0","borderStyle":"solid","width":"180","height":"42","fontWeight":"normal","paddingRight":"0","fontSize":"18px","fontFamily":"'Nunito', sans-serif;","backgroundColor":"rgba(255, 255, 255, 1)","borderColor":"#679f30","paddingLeft":"0","borderWidth":"1","lineHeight":"30","paddingBottom":"0","letterSpacing":0,"borderRadius":14},"primaryHover":{"color":"rgba(255, 255, 255, 1)","paddingTop":"0","borderStyle":"solid","width":"1367","height":"42","fontWeight":"normal","paddingRight":"0","fontSize":"18px","fontFamily":"'Nunito', sans-serif;","backgroundColor":"#679f30","borderColor":"#679f30","paddingLeft":"0","borderWidth":"1","lineHeight":"30","paddingBottom":"0","letterSpacing":0,"borderRadius":"14"},"rootHover":{"borderStyle":"solid","borderRadius":"14"},"secondaryActive":{"color":"rgba(103, 159, 48, 1)","paddingTop":"0","borderStyle":"solid","width":"1367","height":"42","fontWeight":"normal","paddingRight":"0","fontSize":"18px","fontFamily":"'Nunito', sans-serif;","backgroundColor":"rgba(255, 255, 255, 1)","borderColor":"#679f30","paddingLeft":"0","borderWidth":"1","lineHeight":"30","paddingBottom":"0","letterSpacing":0,"borderRadius":"14"}},"lookupModal":{"content":{"backgroundColor":"#ffffffff"},"title":{"backgroundColor":"#679F30"},"bottomText":{"backgroundColor":"#679F30"},"header":{"backgroundColor":"#ccdb866e"},"search":{"width":"1367","backgroundColor":"#ccdb8666","borderRadius":15,"borderStyle":"solid","borderWidth":"0"},"width":"1367"},"Line":{"root":{"color":"rgba(127, 127, 127, 1)","borderStyle":"solid","width":"180","height":"2","fontWeight":"normal","position":"absolute","fontSize":"","fontFamily":"'Nunito', sans-serif;","borderColor":"rgba(164, 164, 164, 1)","borderWidth":"2"},"width":"1367"},"SmartVSignUpPage":{"root":{"fontFamily":"'Nunito', sans-serif;","fontSize":"","fontWeight":"normal","color":"rgba(127, 127, 127, 1)"},"buttonContinueHover":{"backgroundColor":"#679f30","borderStyle":"solid","borderRadius":14},"bottomLink":{"fontFamily":"'Nunito', sans-serif;","fontSize":"16px","lineHeight":"18","letterSpacing":0,"color":"rgba(127, 127, 127, 1)","fontWeight":"normal"},"width":"1367","page":{"fontFamily":"'Nunito', sans-serif;","fontSize":"","fontWeight":"normal","color":"rgba(127, 127, 127, 1)","backgroundColor":"#efefe2ff"},"fieldInput":{"fontFamily":"'Nunito', sans-serif;","fontSize":"18px","lineHeight":"22","letterSpacing":0,"color":"rgba(127, 127, 127, 1)","fontWeight":"normal","backgroundColor":"#dde0cd"},"bottomText":{"fontFamily":"'Nunito', sans-serif;","fontSize":"18px","lineHeight":"22","letterSpacing":0,"color":"rgba(127, 127, 127, 1)","fontWeight":"normal"},"title":{"fontFamily":"'Nunito', sans-serif;","fontSize":"46px","lineHeight":"56","letterSpacing":0,"color":"rgba(127, 127, 127, 1)","fontWeight":"normal"},"buttonContinue":{"color":"#ffffffff","borderStyle":"solid","fontWeight":"normal","fontSize":"18px","fontFamily":"'Nunito', sans-serif;","backgroundColor":"#679f30","lineHeight":"22","letterSpacing":0,"borderRadius":14},"fieldLabel":{"fontFamily":"'Nunito', sans-serif;","fontSize":"14px","lineHeight":"16","letterSpacing":0,"color":"rgba(127, 127, 127, 1)","fontWeight":"normal"},"description":{"fontFamily":"'Nunito', sans-serif;","fontSize":"16px","lineHeight":"27","letterSpacing":0,"color":"rgba(127, 127, 127, 1)","fontWeight":"normal"},"buttonContinueActive":{"backgroundColor":"#679f30","borderStyle":"solid","borderRadius":14}},"Tab":{"root":{"width":"300","height":"200","color":"rgba(127,127,127, 1)","fontFamily":"'Nunito', sans-serif;","fontSize":"16px","borderColor":"#dde0cd ","borderStyle":"solid","borderWidth":"1"},"tabBtnSelected":{"fontFamily":"'Nunito', sans-serif;","fontSize":"16px","fontWeight":"bold","color":"rgba(103,159,48, 1)","width":"300"},"tabBtnDisabled":{"fontFamily":"'Nunito', sans-serif;","fontWeight":"normal","fontSize":"16px","color":"#7f7f7f63","width":"300"},"width":"1367","tabBtn":{"fontFamily":"'Nunito', sans-serif;","width":"300"},"tabBtnActive":{"fontFamily":"'Nunito', sans-serif;","width":"300"},"indicator":{"backgroundColor":"rgba(103,159,48, 1)"},"scrollButtons":{"color":"rgba(103,159,48, 1)","borderColor":"rgba(103,159,48, 1)","borderStyle":"solid","borderWidth":"1"},"tabBtnHover":{"fontFamily":"'Nunito', sans-serif;","width":"300"}},"PageSearch":{"searchIcon":{"stroke":"","strokeWidth":"","width":"1367","fill":"rgba(103,159,48, 1)","height":"60"},"root":{"textVariant":"outlined","sizeVariant":"medium","primary":"rgba(103,159,48, 1)"},"input":{"input":{"fontFamily":"'Nunito', sans-serif;","fontWeight":"normal","fontSize":"16px"},"text":"rgba(127,127,127, 1)"},"width":"1367"},"SmartVVerificationPage":{"root":{"fontFamily":"'Nunito', sans-serif;","fontSize":"","fontWeight":"normal","color":"rgba(127, 127, 127, 1)"},"buttonContinueHover":{"backgroundColor":"#679f30","borderStyle":"solid","borderRadius":"14"},"bottomLink":{"fontFamily":"'Nunito', sans-serif;","fontSize":"18px","lineHeight":"22","letterSpacing":0,"color":"rgba(127, 127, 127, 1)","fontWeight":"normal"},"width":"1367","page":{"fontFamily":"'Nunito', sans-serif;","fontSize":"","fontWeight":"normal","color":"rgba(127, 127, 127, 1)","backgroundColor":"#efefe2ff"},"fieldInput":{"fontFamily":"'Nunito', sans-serif;","fontSize":"18px","lineHeight":"22","letterSpacing":0,"fontWeight":"normal","color":"rgba(127, 127, 127, 1)","backgroundColor":"#dde0cd"},"title":{"fontFamily":"'Nunito', sans-serif;","fontSize":"30px","lineHeight":"36","letterSpacing":0,"fontWeight":"normal","color":"rgba(127, 127, 127, 1)"},"buttonContinue":{"color":"#ffffffff","borderStyle":"solid","fontWeight":"normal","fontSize":"18px","fontFamily":"'Nunito', sans-serif;","backgroundColor":"#679f30","lineHeight":"22","letterSpacing":0,"borderRadius":"14"},"description":{"fontFamily":"'Nunito', sans-serif;","fontSize":"16px","lineHeight":"22","letterSpacing":0,"color":"rgba(127, 127, 127, 1)","fontWeight":"normal"},"buttonContinueActive":{"backgroundColor":"#679f30","borderStyle":"solid","borderRadius":"14"}},"galleryGrid":{"root":{"color":"rgba(127, 127, 127, 1)","width":"200","height":"200","fontWeight":"normal","position":"absolute","widthUnit":"px","heightUnit":"px","fontSize":"","fontFamily":"'Nunito', sans-serif;","minHeight":"unset","minHeightUnit":"%"},"header":{"fontFamily":"'Nunito', sans-serif;","fontSize":"30px","letterSpacing":0,"lineHeight":"50","fontWeight":"normal","color":"rgba(127, 127, 127, 1)"},"headerDescription":{"fontFamily":"'Nunito', sans-serif;","fontSize":"16px","lineHeight":"22","letterSpacing":0,"fontWeight":"normal","color":"rgba(127, 127, 127, 1)"},"width":"1367"},"Strip":{"root":{"height":"auto","minHeight":"600","fontFamily":"'Nunito', sans-serif;","shadow":[{"color":"rgba(208, 38, 38, 1)"}],"fontSize":"","fontWeight":"normal","color":"rgba(127, 127, 127, 1)","backgroundImage":""},"width":"1367"},"My Widget":{"root":{"fontFamily":"'Nunito', sans-serif;","fontSize":"","fontWeight":"normal","color":"rgba(127, 127, 127, 1)"},"width":"1367"},"ConfirmationModal":{"root":{"fontFamily":"'Nunito', sans-serif;","fontSize":"","fontWeight":"normal","color":"rgba(127, 127, 127, 1)"},"title":{"fontFamily":"'Nunito', sans-serif;","fontSize":"18px","lineHeight":"22","letterSpacing":0,"color":"rgba(127, 127, 127, 1)","fontWeight":"normal"},"description":{"fontFamily":"'Nunito', sans-serif;","fontSize":"14px","lineHeight":"20","letterSpacing":0,"color":"rgba(127, 127, 127, 1)","fontWeight":"normal"},"cancel":{"fontFamily":"'Nunito', sans-serif;","fontSize":"16px","lineHeight":"23","letterSpacing":0,"fontWeight":"normal","color":"rgba(127, 127, 127, 1)"},"apply":{"color":"rgba(255, 255, 255, 1)","borderStyle":"solid","fontWeight":"bold","fontSize":"16px","fontFamily":"'Nunito', sans-serif;","backgroundColor":"#ccdb86","borderWidth":"0","lineHeight":"22","letterSpacing":0,"borderRadius":14},"width":"1367"},"EComCatCtrl-Default":{"saleItm":{"backgroundColor":"#89bf4cff"},"soldItm":{"backgroundColor":"#d26256ff"},"width":"1367"},"ExtendedGallery":{"root":{"color":"rgba(127, 127, 127, 1)","borderStyle":"solid","width":"400","height":"300","fontWeight":"normal","position":"absolute","backgroundImage":"''","fontSize":"","fontFamily":"'Nunito', sans-serif;","backgroundColor":"rgba(255, 255, 255, 1)","borderColor":"#dde0cd ","borderWidth":"1"},"userAvatar":{"fontFamily":"'Nunito', sans-serif;","fontSize":"","width":"60","height":"60","fontWeight":"normal","color":"rgba(127, 127, 127, 1)"},"width":"1367","userPoweredBy":{"fontFamily":"'Nunito', sans-serif;","fontSize":"16px","lineHeight":"27","letterSpacing":0,"textAlign":"left","fontWeight":"normal","color":"rgba(127, 127, 127, 1)"},"button":{"color":"rgba(127, 127, 127, 1)","borderStyle":"solid","fontWeight":"normal","fontSize":"14px","fontFamily":"'Nunito', sans-serif;","backgroundColor":"rgba(228, 228, 228, 1)","borderColor":"rgba(183, 180, 180, 1)","borderWidth":"1","lineHeight":"20","letterSpacing":0,"borderRadius":2},"userContainer":{"fontFamily":"'Nunito', sans-serif;","fontSize":"","fontWeight":"normal","color":"rgba(127, 127, 127, 1)"},"userName":{"fontFamily":"'Nunito', sans-serif;","fontSize":"16px","lineHeight":"27","letterSpacing":0,"fontWeight":"normal","textAlign":"left","color":"rgba(127, 127, 127, 1)"},"title":{"fontFamily":"'Nunito', sans-serif;","fontSize":"30px","lineHeight":"36","letterSpacing":0,"paddingTop":"20","fontWeight":"normal","color":"rgba(127, 127, 127, 1)"},"description":{"fontFamily":"'Nunito', sans-serif;","fontSize":"18px","lineHeight":"26","letterSpacing":0,"fontWeight":"normal","color":"rgba(127, 127, 127, 1)"}},"Link":{"root":{"color":"#0fabf5ff","paddingTop":"0","borderStyle":"solid","fontWeight":"normal","paddingRight":"0","fontSize":"16px","fontFamily":"'Nunito', sans-serif;","backgroundColor":"#ffffff00","paddingLeft":"0","borderWidth":"0","lineHeight":"20","paddingBottom":"0","letterSpacing":0,"textDecoration":"underline"},"aHover":{"color":"#0fabf5ff","paddingTop":"0","borderStyle":"solid","fontWeight":"normal","paddingRight":"0","fontSize":"16px","fontFamily":"'Nunito', sans-serif;","backgroundColor":"#ffffff00","paddingLeft":"0","borderWidth":"0","lineHeight":"20","paddingBottom":"0","letterSpacing":0,"textDecoration":"underline"},"rootHover":{"color":"#0fabf5ff","paddingTop":"0","borderStyle":"solid","fontWeight":"normal","paddingRight":"0","fontSize":"16px","fontFamily":"'Nunito', sans-serif;","backgroundColor":"#ffffff00","paddingLeft":"0","borderWidth":"0","lineHeight":"20","paddingBottom":"0","letterSpacing":0,"textDecoration":"underline"},"aActive":{"color":"#0fabf5ff","paddingTop":"0","borderStyle":"solid","fontWeight":"normal","paddingRight":"0","fontSize":"16px","fontFamily":"'Nunito', sans-serif;","backgroundColor":"#ffffff00","paddingLeft":"0","borderWidth":"0","lineHeight":"20","paddingBottom":"0","letterSpacing":0,"textDecoration":"underline"},"rootActive":{"color":"#0fabf5ff","paddingTop":"0","borderStyle":"solid","fontWeight":"normal","paddingRight":"0","fontSize":"16px","fontFamily":"'Nunito', sans-serif;","backgroundColor":"#ffffff00","paddingLeft":"0","borderWidth":"0","lineHeight":"20","paddingBottom":"0","letterSpacing":0,"textDecoration":"underline"},"width":"1367"},"SmartVLoginFormField":{"label":{"label":{"fontFamily":"'Nunito', sans-serif;","fontWeight":"normal","fontSize":"14px"},"labelColor":"#000000ff"},"input":{"input":{"fontFamily":"'Nunito', sans-serif;","fontWeight":"normal","fontSize":"16px"},"text":"#000000ff"},"width":"1367"},"Image":{"root":{"position":"absolute","fontFamily":"'Nunito', sans-serif;","width":"300","height":"200","fontSize":"","fontWeight":"normal","color":"rgba(127, 127, 127, 1)"},"width":"1367"},"Footer":{"root":{"position":"relative","fontFamily":"'Nunito', sans-serif;","fontSize":"","fontWeight":"normal","color":"rgba(127, 127, 127, 1)"},"width":"1367"},"infoBox":{"root":{"shadow":[{"color":"rgba(0, 0, 0, 0)"}],"color":"rgba(127, 127, 127, 1)","borderStyle":"solid","width":"350","height":"160","fontWeight":"normal","position":"absolute","widthUnit":"px","heightUnit":"px","fontSize":"","fontFamily":"'Nunito', sans-serif;","backgroundColor":"#f3f4eb","borderColor":"#dde0cd ","minHeight":"unset","borderWidth":"1","paddingBottom":"","minHeightUnit":"%"},"title":{"fontFamily":"'Nunito', sans-serif;","fontSize":"24px","lineHeight":"30","letterSpacing":0,"marginRight":"20","fontWeight":"normal","color":"rgba(127, 127, 127, 1)"},"content":{"fontFamily":"'Nunito', sans-serif;","fontSize":"36px","color":"rgba(127, 127, 127, 1)","lineHeight":"50","letterSpacing":0,"marginRight":"20","fontWeight":"normal"},"subText":{"color":"rgba(127, 127, 127, 1)","paddingTop":"","fontWeight":"normal","fontSize":"16px","fontFamily":"'Nunito', sans-serif;","marginLeft":"20","marginBottom":"10","lineHeight":"30","letterSpacing":0},"icon":{"fill":"#679f30","color":"rgba(127, 127, 127, 1)","paddingTop":"15","width":"1367","height":"100","fontWeight":"normal","fontSize":"","fontFamily":"'Nunito', sans-serif;","backgroundColor":"","paddingBottom":"15"},"divider":{"backgroundColor":"#dde0cd ","paddingLeft":"","marginLeft":"10","marginRight":"10","fontWeight":"normal","color":"rgba(127, 127, 127, 1)","fontFamily":"'Nunito', sans-serif;"},"width":"1367"},"list":{"col":{"fontFamily":"'Nunito', sans-serif;","fontSize":"","paddingTop":"","paddingBottom":"","fontWeight":"normal","color":"rgba(127, 127, 127, 1)"},"headCol":{"fontSize":"16px","color":"rgba(255, 255, 255, 1)","fontFamily":"'Nunito', sans-serif;","fontWeight":"bold","lineHeight":"22","letterSpacing":0},"root":{"shadow":[{"color":"rgba(0, 0, 0, 0)"}],"color":"rgba(127, 127, 127, 1)","borderStyle":"solid","width":"300","height":"200","fontWeight":"normal","position":"absolute","widthUnit":"px","heightUnit":"px","fontSize":"","fontFamily":"'Nunito', sans-serif;","borderColor":"#dde0cd ","minHeight":"unset","borderWidth":"1","minHeightUnit":"%","borderRadius":"0"},"grouping":{"fontFamily":"'Nunito', sans-serif;","fontSize":"","fontWeight":"normal","color":"rgba(127, 127, 127, 1)"},"width":"1367","colSelection":{"fontFamily":"'Nunito', sans-serif;","fontSize":"","fontWeight":"normal","color":"rgba(127, 127, 127, 1)"},"header":{"fontFamily":"'Nunito', sans-serif;","fontSize":"30px","lineHeight":"50","letterSpacing":0,"fontWeight":"normal","color":"rgba(127, 127, 127, 1)"},"scroll":{"color":"rgba(127, 127, 127, 1)","borderStyle":"solid","thumbImage":"linear-gradient(90deg, rgb(221, 224, 205) 0%,rgb(204, 219, 134) 97.7%)","width":"1367","fontWeight":"normal","thumbColor":"","fontFamily":"'Nunito', sans-serif;","borderColor":"rgba(185, 184, 184, 1)","borderWidth":"1","scrollBarColor":"rgba(243, 244, 235, 1)","borderRadius":"2"},"activeTab":{"fontFamily":"'Nunito', sans-serif;","fontSize":"","backgroundColor":"rgba(209, 232, 249, 1)","fontWeight":"normal","color":"rgba(127, 127, 127, 1)"},"headerDescription":{"fontFamily":"'Nunito', sans-serif;","fontSize":"16px","lineHeight":"22","letterSpacing":0,"fontWeight":"normal","color":"rgba(127, 127, 127, 1)"},"tab":{"fontFamily":"'Nunito', sans-serif;","fontSize":"","fontWeight":"normal","color":"rgba(127, 127, 127, 1)"},"row":{"fontFamily":"'Nunito', sans-serif;","fontSize":"16px","height":"40","lineHeight":"22","letterSpacing":0,"fontWeight":"normal","color":"rgba(127, 127, 127, 1)"},"headRow":{"color":"rgba(127, 127, 127, 1)","height":"50","fontWeight":"normal","background":"","fontSize":"18px","fontFamily":"'Nunito', sans-serif;","backgroundColor":"#ccdb86","lineHeight":"38","letterSpacing":0}},"sfPreloaderMsg":{"icon":{"backgroundImage":"https://d34n0xw2ofs24w.cloudfront.net/animationpreloaders/animation_26.gif"}},"EComProdCtrl":{"addToCartBtn":{"backgroundColor":"rgba(103,159,48, 1)","width":"150"},"width":"1367","quantBtn":{"width":""}},"chart":{"root":{"shadow":[{"color":"rgba(0, 0, 0, 0.2)"}],"color":"rgba(127, 127, 127, 1)","borderStyle":"solid","width":"300","height":"200","fontWeight":"normal","position":"absolute","widthUnit":"px","paddingRight":"10","heightUnit":"px","fontSize":"","fontFamily":"'Nunito', sans-serif;","borderColor":"#dde0cd ","paddingLeft":"10","minHeight":"unset","borderWidth":"1","minHeightUnit":"%"},"header":{"fontFamily":"'Nunito', sans-serif;","fontSize":"30px","lineHeight":"50","letterSpacing":0,"fontWeight":"normal","color":"rgba(127, 127, 127, 1)"},"headerDescription":{"fontFamily":"'Nunito', sans-serif;","fontSize":"16px","lineHeight":"22","letterSpacing":0,"fontWeight":"normal","color":"rgba(127, 127, 127, 1)"},"no-data":{"fontFamily":"'Nunito', sans-serif;","fontSize":"18px","fontWeight":"normal","lineHeight":"24","letterSpacing":0,"color":"rgba(127, 127, 127, 1)"},"axisX":{"fontFamily":"'Nunito', sans-serif;","fontSize":"12px","lineHeight":"16","letterSpacing":0,"fontWeight":"normal","color":"rgba(127, 127, 127, 1)"},"axisY":{"fontFamily":"'Nunito', sans-serif;","fontSize":"12px","fontWeight":"normal","lineHeight":"16","letterSpacing":0,"color":"rgba(127, 127, 127, 1)"},"chartColor":{"fontFamily":"'Nunito', sans-serif;","chartColor":"#003700;#679f30;#ccdb86;#dde0cd ;#7ce8ea;#087ed7;#a9cf82","fontSize":"","fontWeight":"normal","color":"rgba(127, 127, 127, 1)"},"width":"1367"}},"primaryContrastColor":"#ffffff"},"recentColors":["#e05a5aff","#e9ef79ff"],"Header":{"enable":true,"Menu":[{"Type":"PAGE","href":"p2","id":"10b94475-615a-413d-8237-ed51ed9034bd","Text":"Home"},{"Type":"PAGE","href":"p9","id":"6d1cdc00-a0c4-49d1-9395-b1e502972d56","Text":"Page 2"}]},"SmartV":{"object":"Contact","config":[{"mapType":"valueField","label":"Contact ID","uid":"098a83bf-c99a-42e9-a4c9-0172fdf3b244","field":"Id","type":"id"},{"mapType":"emailField","label":"Email","uid":"93534693-93f8-4622-a873-9f7a4046ca8a","field":"Email","type":"email"}],"secretField":"secret__c","profile":[],"valueField":"Id","emailField":"Email","conditions":[{}]},"RepeatedStripsID":[],"lastID":78,"isEnabledVersions":true,"customFonts":[{"value":"'Lato', sans-serif;","label":"Lato"},{"value":"'Archivo Narrow', sans-serif;","label":"Archivo Narrow"},{"value":"'Archivo', sans-serif;","label":"Archivo"},{"value":"'Nunito', sans-serif;","label":"Nunito"}],"pushToSalesforce":{"enabled":true,"isWidget":true,"list":[{"sobjectLabel":"Account","multiMatchs":"first","showLoadingMessage":true,"loadingMessage":" ","uid":"8435261e-cb79-4a84-b835-f8d8ce05df1b","sobject":"Account","isChild":false,"updateCondition":[],"childrens":[],"bulkMode":false,"action":"create","isPushItem":true,"customSkipMessage":"Skipped ...","limits":"","anyMatch":"skip","isSFGetIntegration":false,"gridFields":{"Name":"view:p2##p2:e76"},"comment":""}]},"ui":{"useAnimations":true,"useCustomLoader":true,"loading":{}},"elements":{"Footer":{"type":"Strip","props":{"styleRef":"Footer"},"children":[]}},"sfMapping":{"enabled":true,"isWidget":true,"list":[{"elemUID":"e78","sobjectLabel":"Account","loadPickList":false,"multiMatchs":"all","showLoadingMessage":true,"loadingMessage":" ","uid":"9abbab53-00c3-4e08-a25c-cea85472f8d8","processOnCustomButton":true,"sobject":"Account","isChild":false,"updateCondition":[{"conditions":[]}],"childrens":[],"processOnload":false,"customSkipMessage":"Skipped ...","limits":20,"anyMatch":"skip","source":"","isSFGetIntegration":true,"gridFields":{"chartWidget:e78#-#p2:e78:x":"NumberOfEmployees","chartWidget:e78#-#p2:e78:y":"Type"},"comment":"chart - e78"}]},"versionsSettings":{"isUseGit":true,"repo":"amy-forms.txt","branch":"zii"}},"Pages":[{"name":"Home","isHome":true,"_id":"60a514763439fa7391d2dabc","url":"ftec90adb243744a37beb25ddeefd26151","uid":"p2","action":[{"uid":"7170de7c-bfb7-4d91-a2e6-206eae2433aa","conditions":[],"isAction":false,"actions":{"sfAction":[{"items":[{"label":"Account (get) ","order":"","value":"9abbab53-00c3-4e08-a25c-cea85472f8d8"}]}]},"name":"Automatically created for chart - e78"}]},{"_id":"60a51c6b3439fa7391d2dacb","uid":"p9","name":"Page 2","url":"ft2781b1de3d954961943ff2d966abfa3c"}],"URL":"ft9c9b9c97ca3c4cc59c904d5d8480f557","UserID":235848,"CreatedAt":"2021-05-19T13:36:55.167Z","PublishPages":[{"name":"Home","isHome":true,"_id":"60a514763439fa7391d2dabc","url":"ftec90adb243744a37beb25ddeefd26151","uid":"p2","action":[{"uid":"7170de7c-bfb7-4d91-a2e6-206eae2433aa","conditions":[],"isAction":false,"actions":{"sfAction":[{"items":[{"label":"Account (get) ","order":"","value":"9abbab53-00c3-4e08-a25c-cea85472f8d8"}]}]},"name":"Automatically created for chart - e78"}]},{"_id":"60a51c6b3439fa7391d2dacb","uid":"p9","name":"Page 2","url":"ft2781b1de3d954961943ff2d966abfa3c"}],"__v":5,"UpdatedAt":"2021-05-19T15:22:12.078Z","PublishSettings":{"styles":{"Header":{"type":"Header","IsConfiguredDevice":{"sm":true}},"Footer":{"type":"Footer","IsConfiguredDevice":{"sm":true}},"Drawer":{"type":"Drawer","IsConfiguredDevice":{"sm":true}},"SmartVVerificationPage":{"type":"SmartVVerificationPage","IsConfiguredDevice":{"sm":true}},"SmartVLoginPage":{"type":"SmartVLoginPage","IsConfiguredDevice":{"sm":true}},"SmartVSignUpPage":{"type":"SmartVSignUpPage","IsConfiguredDevice":{"sm":true}}},"theme":{"primary":"rgba(204,219,134, 1)","color":"rgba(127,127,127, 1)","page404":{"elements":{"f0f25d44-e2f5-4422-b0ff-9e7d04b27d23":{"type":"Strip","props":{"styleRef":"f0f25d44-e2f5-4422-b0ff-9e7d04b27d23"},"children":["4b2424a1-4503-4178-bab7-e6a2006bd72b"],"parent":null},"4b2424a1-4503-4178-bab7-e6a2006bd72b":{"type":"Image","props":{"lg":{"src":"https://d3255hq6rclyj1.cloudfront.net/5fb4d90832a3003d6cde2e7d_ftusergal_.png","alt":"","gridArea":"Col1","position":{"left":222,"top":77,"leftUnit":"px","topUnit":"px","right":"","bottom":"","transform":""}},"styleRef":"4b2424a1-4503-4178-bab7-e6a2006bd72b"},"children":[],"parent":"f0f25d44-e2f5-4422-b0ff-9e7d04b27d23"}},"Grid":["f0f25d44-e2f5-4422-b0ff-9e7d04b27d23"],"styles":{"f0f25d44-e2f5-4422-b0ff-9e7d04b27d23":{"type":"Strip","lg":{"columns":1,"rows":1,"areas":[["Col1"]],"root":{"minHeight":647},"row0":647,"row0Unit":"px"}},"4b2424a1-4503-4178-bab7-e6a2006bd72b":{"lg":{"root":{"height":467}},"type":"Image","isHidden":{"lg":false}}}},"fontFamily":"'Nunito', sans-serif;","secondary":"rgba(103,159,48, 1)","backgroundColor":"rgba(0,55,0, 1)","FormField":{"all":{"primary":"#679F30","label":{"fontFamily":"'Nunito', sans-serif;","fontWeight":"normal","fontSize":"16px","width":"1367"},"labelColor":"","labelShrink":{"fontFamily":"'Nunito', sans-serif;","fontWeight":"normal","fontSize":"14px"},"labelColorShrink":"#679F30","text":"#7F7F7F","input":{"fontFamily":"'Nunito', sans-serif;","fontWeight":"normal","fontSize":"16px","width":"1367"},"errorMsg":{"width":"1367"}},"upload":{"textVariant":"filled","filled":"#ffffffff","icon":"#679f30","input":{"width":"1367"},"label":{"width":"1367"},"errorMsg":{"width":"1367"}},"buttongroup":{"inputSelected":{"fontFamily":"'Nunito', sans-serif;","fontWeight":"normal"},"textSelected":"rgba(0,55,0, 1)","primaryActive":"rgba(204,219,134, 1)","filledBtnColor":"rgba(204,219,134, 1)","input":{"fontFamily":"'Nunito', sans-serif;","fontWeight":"normal","fontSize":"14px","width":"1367"},"text":"#ffffffff","textHover":"rgba(0,55,0, 1)","inputActive":{"fontFamily":"'Nunito', sans-serif;","fontWeight":"normal"},"inputHover":{"fontFamily":"'Nunito', sans-serif;","fontWeight":"normal"},"textActive":"rgba(0,55,0, 1)","label":{"width":"1367"},"errorMsg":{"width":"1367"},"primaryHover":"rgba(204,219,134, 1)","primarySelected":"rgba(204,219,134, 1)"},"multiSelect":{"textItem":"#ffffffff","inputList":{"fontFamily":"'Nunito', sans-serif;","fontWeight":"normal","fontSize":"16px"},"input":{"fontFamily":"'Nunito', sans-serif;","fontWeight":"normal","fontSize":"16px","width":"1367"},"textList":"#7F7F7F","text":"#7F7F7F","chipFill":"#679F30","label":{"width":"1367"},"errorMsg":{"width":"1367"},"inputItem":{"fontFamily":"'Nunito', sans-serif;","fontWeight":"normal","fontSize":"14px"},"chipIconColor":"#ffffff"},"signature":{"borderColor":"#dde0cd ","borderWidth":"1","input":{"width":"1367"},"label":{"width":"1367"},"errorMsg":{"width":"1367"}}},"_id":"5fbe224af865355e747a107f","Type":"ThemeTemplate","lg":{"SmartVLoginForm":{"title":{"fontFamily":"'Nunito', sans-serif;","fontWeight":"normal","fontSize":"50px"},"description":{"fontFamily":"'Nunito', sans-serif;","fontWeight":"normal","fontSize":"18px"},"buttonContinue":{"backgroundColor":"rgba(103,159,48, 1)"},"bottomText":{"fontFamily":"'Nunito', sans-serif;","fontWeight":"normal","fontSize":"18px","color":"rgba(127,127,127, 1)"},"bottomLink":{"fontFamily":"'Nunito', sans-serif;","fontWeight":"normal","fontSize":"16px","color":"#3d96ffff"},"width":"1367"},"EComCatCtrl-Narrow":{"saleItm":{"backgroundColor":"#89bf4cff"},"soldItm":{"backgroundColor":"#d26256ff"},"width":"1367"},"YouTube":{"root":{"position":"absolute","fontFamily":"'Nunito', sans-serif;","fontSize":"","fontWeight":"normal","width":"300","height":"180","color":"rgba(127, 127, 127, 1)"},"width":"1367"},"TreeView":{"item":{"fontFamily":"'Nunito', sans-serif;","fontWeight":"normal","fontSize":"16px","color":"rgba(127, 127, 127, 1)"},"itemSelected":{"fontFamily":"'Nunito', sans-serif;","fontSize":"16px","fontWeight":"normal","backgroundColor":"#e6ecc9"},"ctrlIcon":{"stroke":"#000000ff","strokeWidth":"2"},"width":"1367","root":{"width":"300","height":"200"}},"Badge":{"icon":{"width":"30","height":"30"},"badge":{"color":"#ffffffff","borderStyle":"solid","width":"25","height":"25","fontWeight":"normal","fontSize":"16px","fontFamily":"'Nunito', sans-serif;","backgroundColor":"rgba(103,159,48, 1)","borderWidth":"0","borderRadius":"25"},"width":"1367"},"form":{"successMsgRoot":{"fontFamily":"'Nunito', sans-serif;","fontSize":"","fontWeight":"normal","color":"rgba(127, 127, 127, 1)"},"root":{"color":"rgba(127, 127, 127, 1)","borderStyle":"solid","width":"1367","height":"200","fontWeight":"normal","position":"absolute","widthUnit":"px","heightUnit":"px","fontSize":"","fontFamily":"'Nunito', sans-serif;","borderColor":"#dde0cd ","minHeight":"unset","borderWidth":"1","minHeightUnit":"%"},"errorMsgText":{"fontFamily":"'Nunito', sans-serif;","fontSize":"14px","lineHeight":"18","letterSpacing":0,"fontWeight":"normal","color":"rgba(127, 127, 127, 1)"},"width":"1367","buttonHover":{"color":"rgba(255, 255, 255, 1)","backgroundColor":"rgba(103, 159, 48, 1)"},"errorMsgButton":{"color":"rgba(255, 255, 255, 1)","borderStyle":"solid","fontWeight":"bold","fontSize":"16px","fontFamily":"'Nunito', sans-serif;","backgroundColor":"#ccdb86","borderWidth":"0","lineHeight":"22","letterSpacing":0,"borderRadius":14},"successMsgText":{"fontFamily":"'Nunito', sans-serif;","fontSize":"14px","lineHeight":"18","letterSpacing":0,"fontWeight":"normal","color":"rgba(127, 127, 127, 1)"},"underline":{"borderColor":"#b7b7b7ff","borderWidth":"1","activeBorderColor":"#679F30","activeBorderWidth":"1"},"header":{"fontFamily":"'Nunito', sans-serif;","fontSize":"30px","lineHeight":"50","letterSpacing":0,"fontWeight":"normal","color":"rgba(127, 127, 127, 1)"},"scroll":{"color":"rgba(127, 127, 127, 1)","borderStyle":"solid","thumbImage":"linear-gradient(90deg, rgb(221, 224, 205) 0%,rgb(204, 219, 134) 97.7%)","width":"1367","fontWeight":"normal","fontFamily":"'Nunito', sans-serif;","borderColor":"rgba(185, 184, 184, 1)","borderWidth":"1","scrollBarColor":"rgba(243, 244, 235, 1)","borderRadius":"2"},"headerDescription":{"fontFamily":"'Nunito', sans-serif;","fontSize":"16px","lineHeight":"22","letterSpacing":0,"fontWeight":"normal","color":"rgba(127, 127, 127, 1)"},"successMsgButton":{"color":"rgba(255, 255, 255, 1)","borderStyle":"solid","fontWeight":"bold","fontSize":"16px","fontFamily":"'Nunito', sans-serif;","backgroundColor":"#ccdb86","borderWidth":"0","lineHeight":"22","letterSpacing":0,"borderRadius":14},"errorMsgicon":{"fontFamily":"'Nunito', sans-serif;","fontSize":"","fontWeight":"normal","color":"rgba(127, 127, 127, 1)","backgroundColor":"rgba(228, 224, 224, 1)"},"button":{"color":"rgba(255, 255, 255, 1)","borderStyle":"solid","width":"1367","marginTop":"10","height":"40","fontWeight":"normal","fontSize":"16px","fontFamily":"'Nunito', sans-serif;","backgroundColor":"rgba(103, 159, 48, 1)","borderWidth":"0","lineHeight":"22","letterSpacing":0,"borderRadius":"20"},"errorMsgIconRoot":{"fontFamily":"'Nunito', sans-serif;","fontSize":"","fontWeight":"normal","color":"rgba(127, 127, 127, 1)"},"label":{"fontFamily":"'Nunito', sans-serif;","fontSize":"16px","lineHeight":"18","letterSpacing":0,"fontWeight":"normal","color":"rgba(127, 127, 127, 1)"},"successMsgicon":{"fontFamily":"'Nunito', sans-serif;","fontSize":"","fontWeight":"normal","color":"rgba(255, 255, 255, 1)","backgroundColor":"#679f30"},"buttonActive":{"color":"rgba(255, 255, 255, 1)","backgroundColor":"rgba(103, 159, 48, 1)"},"floatLabel":{"fontFamily":"'Nunito', sans-serif;","fontSize":"16px","lineHeight":"18","letterSpacing":0,"fontWeight":"normal","color":"rgba(127, 127, 127, 1)"},"successMsgIconRoot":{"fontFamily":"'Nunito', sans-serif;","fontSize":"","fontWeight":"normal","color":"rgba(127, 127, 127, 1)"},"successMsgTitle":{"fontFamily":"'Nunito', sans-serif;","fontSize":"18px","lineHeight":"23","letterSpacing":0,"fontWeight":"normal","color":"rgba(127, 127, 127, 1)"},"errorMsgRoot":{"fontFamily":"'Nunito', sans-serif;","fontSize":"","fontWeight":"normal","color":"rgba(127, 127, 127, 1)"},"element":{"fontFamily":"'Nunito', sans-serif;","fontSize":"16px","lineHeight":"20","letterSpacing":0,"fontWeight":"normal","color":"rgba(127, 127, 127, 1)"},"errorMsgTitle":{"fontFamily":"'Nunito', sans-serif;","fontSize":"18px","lineHeight":"23","letterSpacing":0,"fontWeight":"normal","color":"rgba(127, 127, 127, 1)"}},"Vimeo":{"root":{"position":"absolute","fontFamily":"'Nunito', sans-serif;","fontSize":"","fontWeight":"normal","width":"300","height":"180","color":"rgba(127, 127, 127, 1)"},"width":"1367"},"Svg":{"root":{"fill":"#dde0cd","color":"rgba(127, 127, 127, 1)","width":"50","height":"50","fontWeight":"normal","position":"absolute","strokeWidth":"","fontSize":"","fontFamily":"'Nunito', sans-serif;","stroke":""},"element":{"fontFamily":"'Nunito', sans-serif;","fontSize":"","fontWeight":"normal","color":"rgba(127, 127, 127, 1)"},"shape":{"fill":"#dde0cd","color":"rgba(127, 127, 127, 1)","width":"50","height":"50","fontWeight":"normal","strokeWidth":"2","fontSize":"","fontFamily":"'Nunito', sans-serif;","stroke":"rgba(103, 159, 48, 1)"},"icon":{"fill":"#679f30","color":"rgba(127, 127, 127, 1)","width":"50","height":"50","fontWeight":"normal","strokeWidth":"","fontSize":"","fontFamily":"'Nunito', sans-serif;","stroke":""},"width":"1367"},"Widget":{"root":{"position":"absolute","width":"1367","widthUnit":"%","minHeight":"unset","minHeightUnit":"%","height":"100","heightUnit":"%"},"width":"1367"},"iframe":{"root":{"borderStyle":"solid","width":"200","height":"200","position":"absolute","widthUnit":"px","heightUnit":"px","borderColor":"rgba(201, 201, 201, 1)","minHeight":"unset","borderWidth":"1","minHeightUnit":"%"},"width":"1367"},"CustomLoader":{"loader":{"backgroundImage":"https://d34n0xw2ofs24w.cloudfront.net/animationpreloaders/animation_13.gif","height":"100","width":"1367"},"width":"1367"},"Section":{"root":{"color":"rgba(127, 127, 127, 1)","borderStyle":"dashed","width":"200","height":"200","fontWeight":"normal","position":"absolute","fontSize":"","fontFamily":"'Nunito', sans-serif;","borderColor":"rgba(201, 201, 201, 1)","borderWidth":"2"},"width":"1367"},"EComBadge":{"icon":{"width":"30","height":"30"},"badge":{"color":"#ffffffff","borderStyle":"solid","width":"25","height":"25","fontWeight":"normal","fontSize":"16px","fontFamily":"'Nunito', sans-serif;","backgroundColor":"rgba(103,159,48, 1)","borderColor":"#ffffffff","borderWidth":"0","borderRadius":"25"},"width":"1367"},"Accordion":{"root":{"fontFamily":"'Nunito', sans-serif;","width":"400","height":"300"},"acrdPanel":{"backgroundColor":"rgba(204,219,134, 1)"},"acrdTitle":{"fontFamily":"'Nunito', sans-serif;","fontWeight":"normal","fontSize":"16px","color":"#000000ff"},"width":"1367"},"Search":{"root":{"shadow":[],"color":"rgba(127, 127, 127, 1)","borderStyle":"solid","width":"1367","height":"32","fontWeight":"normal","position":"absolute","fontSize":"16px","fontFamily":"'Nunito', sans-serif;","backgroundColor":"rgba(255, 255, 255, 1)","borderColor":"#b7b7b7 ","textAlign":"left","paddingLeft":"15","borderWidth":"1","lineHeight":"27","letterSpacing":0,"borderRadius":"10"},"width":"1367"},"Stack":{"root":{"color":"rgba(127, 127, 127, 1)","borderStyle":"dashed","width":"200","height":"200","fontWeight":"normal","position":"absolute","fontSize":"","fontFamily":"'Nunito', sans-serif;","borderColor":"rgba(201, 201, 201, 1)","borderWidth":"2"},"width":"1367"},"PowerTable":{"thr-0":{"backgroundColor":"#679f30","fontFamily":"'Nunito', sans-serif;","fontWeight":"normal","fontSize":"16px","color":"#ffffffff"},"root":{"borderColor":"#dde0cd ","borderWidth":"1","borderStyle":"solid","shadow":[],"fontFamily":"'Nunito', sans-serif;","color":"rgba(127,127,127, 1)","width":"400","height":"300"},"thr-1":{"backgroundColor":"#ccdb86","fontFamily":"'Nunito', sans-serif;","fontWeight":"normal","fontSize":"16px","color":"#7f7f7fff"},"thr-2":{"backgroundColor":"#e6ecc9","fontFamily":"'Nunito', sans-serif;","fontWeight":"normal","fontSize":"16px","color":"#7f7f7fff"},"thr-3":{"backgroundColor":"#dddfd1","fontFamily":"'Nunito', sans-serif;","fontWeight":"normal","fontSize":"16px","color":"#7f7f7fff"},"thr-4":{"backgroundColor":"#e7e7e3","fontFamily":"'Nunito', sans-serif;","fontWeight":"normal","fontSize":"16px","color":"#7f7f7fff"},"width":"1367","thr-5":{"backgroundColor":"#eeeeeb","fontFamily":"'Nunito', sans-serif;","fontSize":"16px","fontWeight":"normal","color":"#7f7f7fff"},"qSubmit":{"color":"#ffffffff","borderStyle":"solid","width":"1367","height":"35","fontWeight":"normal","marginRight":"10","fontSize":"16px","fontFamily":"'Nunito', sans-serif;","backgroundColor":"rgba(103,159,48, 1)","marginBottom":"10","borderWidth":"0","borderRadius":"10"},"qDiscard":{"color":"#ffffffff","borderStyle":"solid","width":"1367","height":"35","fontWeight":"normal","fontSize":"16px","fontFamily":"'Nunito', sans-serif;","backgroundColor":"rgba(103,159,48, 1)","marginBottom":"10","borderWidth":"0","borderRadius":"10"},"apply":{"color":"rgba(127,127,127, 1)","borderStyle":"solid","width":"1367","height":"35","fontWeight":"normal","fontSize":"14px","fontFamily":"'Nunito', sans-serif;","backgroundColor":"#e6ecc9","borderWidth":"0"},"td":{"fontFamily":"'Nunito', sans-serif;","fontWeight":"normal","fontSize":"14px","color":"#7f7f7fff"},"quickButtons":{"justifyContent":"center"},"editDlg":{"shadow":[{"x":"2","y":"2","blur":"2","spread":"2","color":"#7f7f7f40"}],"borderColor":"#dde0cd ","borderWidth":"1","borderStyle":"solid","width":"1367","height":"160"},"cancel":{"color":"rgba(127,127,127, 1)","borderStyle":"solid","width":"1367","height":"35","fontWeight":"normal","fontSize":"14px","fontFamily":"'Nunito', sans-serif;","backgroundColor":"#e6ecc9","borderWidth":"0"}},"SmartVLoginPage":{"root":{"fontFamily":"'Nunito', sans-serif;","fontSize":"","backgroundColor":"rgba(255, 255, 255, 1)","fontWeight":"normal","color":"rgba(127, 127, 127, 1)"},"buttonContinueHover":{"borderStyle":"solid","borderRadius":"14"},"bottomLink":{"fontFamily":"'Nunito', sans-serif;","fontSize":"16px","color":"rgba(127, 127, 127, 1)","lineHeight":"18","letterSpacing":0,"fontWeight":"normal"},"width":"1367","page":{"fontFamily":"'Nunito', sans-serif;","fontSize":"","fontWeight":"normal","color":"rgba(127, 127, 127, 1)","backgroundColor":"#efefe2ff"},"fieldInput":{"fontFamily":"'Nunito', sans-serif;","fontSize":"18px","lineHeight":"22","letterSpacing":0,"fontWeight":"normal","color":"rgba(127, 127, 127, 1)"},"bottomText":{"fontFamily":"'Nunito', sans-serif;","fontSize":"18px","lineHeight":"22","letterSpacing":0,"color":"rgba(127, 127, 127, 1)","fontWeight":"normal"},"title":{"fontFamily":"'Nunito', sans-serif;","fontSize":"46px","letterSpacing":0,"lineHeight":"56","color":"rgba(127, 127, 127, 1)","fontWeight":"normal"},"buttonContinue":{"fontFamily":"'Nunito', sans-serif;","fontSize":"","fontWeight":"normal","color":"#ffffffff","backgroundColor":"#679f30","borderStyle":"solid","borderRadius":"14"},"fieldLabel":{"fontFamily":"'Nunito', sans-serif;","fontSize":"14px","letterSpacing":0,"lineHeight":"16","color":"rgba(127, 127, 127, 1)","fontWeight":"normal"},"description":{"fontFamily":"'Nunito', sans-serif;","fontSize":"16px","lineHeight":"27","letterSpacing":0,"color":"rgba(127, 127, 127, 1)","fontWeight":"normal"},"buttonContinueActive":{"borderStyle":"solid","borderRadius":"14"}},"SmartVProfilePage":{"root":{"fontFamily":"'Nunito', sans-serif;","fontSize":"","fontWeight":"normal","color":"rgba(127, 127, 127, 1)"},"buttonContinueHover":{"backgroundColor":"#679f30","borderStyle":"solid","borderRadius":14},"width":"1367","page":{"fontFamily":"'Nunito', sans-serif;","fontSize":"","fontWeight":"normal","color":"rgba(127, 127, 127, 1)","backgroundColor":"#efefe2ff"},"fieldInput":{"fontFamily":"'Nunito', sans-serif;","fontSize":"18px","lineHeight":"22","letterSpacing":0,"color":"rgba(127, 127, 127, 1)","fontWeight":"normal","backgroundColor":"#dde0cd"},"title":{"fontFamily":"'Nunito', sans-serif;","fontSize":"46px","lineHeight":"56","letterSpacing":0,"fontWeight":"normal","color":"rgba(127, 127, 127, 1)"},"buttonContinue":{"color":"#ffffffff","borderStyle":"solid","fontWeight":"normal","fontSize":"18px","fontFamily":"'Nunito', sans-serif;","backgroundColor":"#679f30","lineHeight":"22","letterSpacing":0,"borderRadius":14},"fieldLabel":{"fontFamily":"'Nunito', sans-serif;","fontSize":"14px","lineHeight":"16","letterSpacing":0,"color":"rgba(127, 127, 127, 1)","fontWeight":"normal"},"description":{"fontFamily":"'Nunito', sans-serif;","fontSize":"16px","lineHeight":"24","letterSpacing":0,"fontWeight":"normal","color":"rgba(127, 127, 127, 1)"},"buttonContinueActive":{"backgroundColor":"#679f30","borderStyle":"solid","borderRadius":14}},"Progress":{"root":{"width":"60","height":"60","color":"rgba(103,159,48, 1)","lineWidth":"4"},"label":{"color":"#7f7f7fff","fontFamily":"'Nunito', sans-serif;","fontWeight":"normal","fontSize":"14px"},"width":"1367"},"Header":{"root":{"position":"relative","fontFamily":"'Nunito', sans-serif;","fontSize":"","backgroundColor":"#679f30","background":"","fontWeight":"normal","color":"rgba(127, 127, 127, 1)"},"profileIcon":{"fontFamily":"'Nunito', sans-serif;","fontSize":"","marginRight":"20","width":"1367","height":"25","marginLeft":"6","fontWeight":"normal","color":"rgba(127, 127, 127, 1)"},"profileMenuLink":{"fontFamily":"'Nunito', sans-serif;","fontSize":"","fontWeight":"normal","color":"rgba(127, 127, 127, 1)"},"profileLink":{"fontFamily":"'Nunito', sans-serif;","fontSize":"","marginRight":"","textAlign":"right","fontWeight":"normal","color":"rgba(255, 255, 255, 1)"},"width":"1367","profileMenu":{"fontFamily":"'Nunito', sans-serif;","fontSize":"","fontWeight":"normal","color":"rgba(127, 127, 127, 1)"},"logo":{"fontFamily":"'Nunito', sans-serif;","fontSize":"","fontWeight":"normal","color":"rgba(127, 127, 127, 1)"},"title":{"fontFamily":"'Nunito', sans-serif;","fontSize":"22px","lineHeight":"24","color":"rgba(255, 255, 255, 1)","marginRight":"30","fontWeight":"normal","backgroundColor":""},"link":{"fontFamily":"'Nunito', sans-serif;","fontSize":"","paddingLeft":"10","paddingRight":"10","fontWeight":"normal","color":"rgba(251, 251, 251, 1)"},"signInLink":{"fontFamily":"'Nunito', sans-serif;","fontSize":"","marginRight":"20","fontWeight":"normal","color":"rgba(255, 255, 255, 1)"}},"FileViewer":{"root":{"color":"rgba(127,127,127, 1)","borderStyle":"solid","width":"200","height":"200","fontWeight":"normal","fontSize":"16px","fontFamily":"'Nunito', sans-serif;","borderColor":"#dde0cd ","textAlign":"center","borderWidth":"1"},"error":{"fontFamily":"'Nunito', sans-serif;","fontWeight":"normal","fontSize":"16px","color":"rgba(127,127,127, 1)"},"width":"1367"},"table":{"col":{"fontFamily":"'Nunito', sans-serif;","fontSize":"","paddingTop":"0","paddingBottom":"0","fontWeight":"normal","color":"rgba(127, 127, 127, 1)"},"root":{"color":"rgba(127, 127, 127, 1)","borderStyle":"solid","width":"300","height":"200","fontWeight":"normal","position":"absolute","widthUnit":"px","heightUnit":"px","fontSize":"","fontFamily":"'Nunito', sans-serif;","backgroundColor":"#FFFFFF","borderColor":"#dde0cd ","minHeight":"unset","borderWidth":"1","minHeightUnit":"%","borderRadius":""},"tra":{"color":"rgba(127, 127, 127, 1)","height":"30","fontWeight":"normal","fontSize":"16px","fontFamily":"'Nunito', sans-serif;","backgroundColor":"#f3f4eb","textAlign":"left","lineHeight":"22","letterSpacing":0},"width":"1367","summary":{"color":"rgba(127, 127, 127, 1)","borderStyle":"solid","height":"35","fontWeight":"normal","fontSize":"16px","fontFamily":"'Nunito', sans-serif;","backgroundColor":"#dde0cd","borderColor":"","paddingLeft":"20","borderWidth":"0","lineHeight":"22","letterSpacing":0,"textDecoration":""},"gbf":{"fontFamily":"'Nunito', sans-serif;","fontWeight":"normal","fontSize":"14px","textAlign":"center","lineHeight":"22","letterSpacing":0,"color":"rgba(127, 127, 127, 1)"},"header":{"fontFamily":"'Nunito', sans-serif;","fontSize":"30px","lineHeight":"50","letterSpacing":0,"fontWeight":"normal","color":"rgba(127, 127, 127, 1)"},"scroll":{"color":"rgba(127, 127, 127, 1)","borderStyle":"solid","thumbImage":"linear-gradient(90deg, rgb(221, 224, 205) 0%,rgb(204, 219, 134) 100%)","width":"10","fontWeight":"normal","fontFamily":"'Nunito', sans-serif;","borderColor":"#b7b7b7","borderWidth":"1","scrollBarColor":"#f3f4eb","borderRadius":"2"},"headerDescription":{"fontFamily":"'Nunito', sans-serif;","fontSize":"16px","lineHeight":"22","letterSpacing":0,"fontWeight":"normal","color":"rgba(127, 127, 127, 1)"},"gbl":{"fontFamily":"'Nunito', sans-serif;","fontWeight":"normal","lineHeight":"20","letterSpacing":0,"textAlign":"left","fontSize":"14px","color":"rgba(127, 127, 127, 1)"},"button":{"fontFamily":"'Nunito', sans-serif;","fontSize":"16px","fontWeight":"normal","lineHeight":"22","letterSpacing":0,"color":"rgba(127, 127, 127, 1)"},"th":{"color":"rgba(255, 255, 255, 1)","borderStyle":"solid","height":"50","fontWeight":"bold","background":"","fontSize":"16px","fontFamily":"'Nunito', sans-serif;","backgroundColor":"#ccdb86","textAlign":"left","borderWidth":"0","lineHeight":"30","letterSpacing":0,"borderRadius":"0"},"icon":{"fontFamily":"'Nunito', sans-serif;","fontSize":"","fontWeight":"normal","color":"rgba(127, 127, 127, 1)"},"row":{"color":"rgba(127, 127, 127, 1)","paddingTop":"","height":"40","fontWeight":"normal","fontSize":"16px","fontFamily":"'Nunito', sans-serif;","backgroundColor":"rgba(255, 255, 255, 1)","textAlign":"left","lineHeight":"22","paddingBottom":"","letterSpacing":0}},"Typography":{"subhead":{"fontSize":"24px","fontFamily":"'Nunito', sans-serif;","color":"rgba(127, 127, 127, 1)","fontWeight":"bold","letterSpacing":0,"lineHeight":"40","backgroundColor":""},"root":{"position":"absolute","fontFamily":"'Nunito', sans-serif;","color":"rgba(127, 127, 127, 1)","fontSize":"","backgroundColor":"","fontWeight":"normal"},"width":"1367","caption":{"fontSize":"14px","fontFamily":"'Nunito', sans-serif;","color":"rgba(127, 127, 127, 1)","lineHeight":"23","letterSpacing":0,"backgroundColor":"","fontWeight":"normal"},"h1":{"fontSize":"46px","fontFamily":"'Nunito', sans-serif;","color":"rgba(127, 127, 127, 1)","fontWeight":"bold","lineHeight":"77","letterSpacing":0,"backgroundColor":""},"text":{"fontFamily":"'Nunito', sans-serif;","fontSize":"","fontWeight":"normal","color":"rgba(127, 127, 127, 1)"},"p":{"fontSize":"16px","fontFamily":"'Nunito', sans-serif;","color":"rgba(127, 127, 127, 1)","lineHeight":"27","letterSpacing":0,"backgroundColor":"","fontWeight":"normal"},"title":{"fontSize":"72px","fontFamily":"'Nunito', sans-serif;","color":"rgba(127, 127, 127, 1)","fontWeight":"bold","lineHeight":"120","letterSpacing":0,"backgroundColor":""},"link":{"fontWeight":"normal","color":"rgba(127, 127, 127, 1)","fontFamily":"'Nunito', sans-serif;"}},"Page":{"root":{"overflow":"visible","color":"rgba(127, 127, 127, 1)","fontFamily":"'Nunito', sans-serif;"}},"Window":{"root":{"backgroundColor":"rgba(255, 255, 255, 1)"},"width":"1367"},"titanForm":{"root":{"position":"absolute","fontFamily":"'Nunito', sans-serif;","fontSize":"","fontWeight":"normal","color":"rgba(127, 127, 127, 1)"},"width":"1367"},"Drawer":{"hamburgerIcon":{"fontFamily":"'Nunito', sans-serif;","fontSize":"","fontWeight":"normal","color":"rgba(247, 247, 247, 1)","backgroundColor":""},"root":{"fontFamily":"'Nunito', sans-serif;","fontSize":"","backgroundColor":"#ccdb86","background":"","fontWeight":"normal","color":"rgba(127, 127, 127, 1)"},"linkHover":{"backgroundColor":""},"width":"1367","logo":{"fontFamily":"'Nunito', sans-serif;","fontSize":"","fontWeight":"normal","color":"rgba(127, 127, 127, 1)"},"closeIcon":{"fontFamily":"'Nunito', sans-serif;","fontSize":"","fontWeight":"normal","color":"rgba(127, 127, 127, 1)"},"lightbox":{"backgroundColor":"rgba(255, 255, 255, 0.16)","fontWeight":"normal","color":"rgba(127, 127, 127, 1)","fontFamily":"'Nunito', sans-serif;"},"title":{"color":"rgba(127, 127, 127, 1)","marginTop":"","fontWeight":"normal","fontSize":"18px","fontFamily":"'Nunito', sans-serif;","marginLeft":"10","backgroundColor":"","marginBottom":"10","lineHeight":"22","letterSpacing":0},"icon":{"fontFamily":"'Nunito', sans-serif;","fontSize":"20px","fontWeight":"normal","color":"rgba(107, 107, 107, 1)"},"link":{"fontFamily":"'Nunito', sans-serif;","fontSize":"18px","lineHeight":"22","letterSpacing":0,"marginRight":"10","fontWeight":"normal","color":"rgba(127, 127, 127, 1)"}},"ItemList":{"root":{"position":"absolute","fontFamily":"'Nunito', sans-serif;","fontSize":"","fontWeight":"normal","color":"rgba(127, 127, 127, 1)"},"Item":{"color":"#ffffffff","paddingTop":"10","height":"","fontWeight":"normal","paddingRight":"20","fontSize":"16px","fontFamily":"'Nunito', sans-serif;","backgroundColor":"#679F30","textAlign":"center","paddingLeft":"20","lineHeight":"22","paddingBottom":"10","letterSpacing":0},"ItemHover":{"color":"rgba(127,127,127, 1)","paddingTop":"10","fontWeight":"normal","paddingRight":"20","fontSize":"16px","fontFamily":"'Nunito', sans-serif;","backgroundColor":"rgba(204,219,134, 1)","textAlign":"center","paddingLeft":"20","lineHeight":"22","paddingBottom":"10","letterSpacing":0},"ItemActive":{"color":"rgba(127,127,127, 1)","paddingTop":"10","fontWeight":"normal","paddingRight":"20","fontSize":"16px","fontFamily":"'Nunito', sans-serif;","backgroundColor":"rgba(204,219,134, 1)","textAlign":"center","paddingLeft":"20","lineHeight":"22","paddingBottom":"10","letterSpacing":0},"width":"1367"},"Stepper":{"root":{"width":"400","height":"300"},"labelComp":{"fontFamily":"'Nunito', sans-serif;","fontWeight":"normal","fontSize":"16px"},"panelRoot":{"width":"100","widthUnit":"%","height":"80"},"width":"1367","iconComplete":{"fill":"rgba(103,159,48, 1)"},"label":{"fontFamily":"'Nunito', sans-serif;","fontWeight":"normal","fontSize":"16px"},"labelActive":{"fontFamily":"'Nunito', sans-serif;","fontWeight":"normal","fontSize":"16px"},"btn":{"color":"#000000ff","borderStyle":"solid","width":"80","height":"30","fontWeight":"normal","marginRight":"10","fontSize":"14px","fontFamily":"'Nunito', sans-serif;","backgroundColor":"rgba(204,219,134, 1)","borderWidth":"0","borderRadius":"6"},"btnRoot":{"justifyContent":"center"},"iconActive":{"fill":"rgba(103,159,48, 1)"}},"galleryCarousel":{"root":{"color":"rgba(127, 127, 127, 1)","borderStyle":"solid","width":"700","height":"400","fontWeight":"normal","position":"absolute","widthUnit":"px","heightUnit":"px","fontSize":"","fontFamily":"'Nunito', sans-serif;","minHeight":"unset","borderWidth":"0","minHeightUnit":"%","borderRadius":"0"},"header":{"fontFamily":"'Nunito', sans-serif;","fontSize":"30px","lineHeight":"50","letterSpacing":0,"fontWeight":"normal","color":"rgba(127, 127, 127, 1)"},"headerDescription":{"fontFamily":"'Nunito', sans-serif;","fontSize":"16px","lineHeight":"22","letterSpacing":0,"fontWeight":"normal","color":"rgba(127, 127, 127, 1)"},"original":{"width":"400","height":"336","fontWeight":"normal","color":"rgba(127, 127, 127, 1)","fontFamily":"'Nunito', sans-serif;"},"thumbnail":{"width":"100","height":"100","fontWeight":"normal","borderColor":"rgba(253, 253, 253, 1)","borderStyle":"solid","borderWidth":"3","color":"rgba(127, 127, 127, 1)","fontFamily":"'Nunito', sans-serif;"},"thumbnailActive":{"width":"100","height":"100","fontWeight":"normal","borderColor":"rgba(104, 190, 255, 1)","borderStyle":"solid","borderWidth":"3","color":"rgba(127, 127, 127, 1)","fontFamily":"'Nunito', sans-serif;"},"width":"1367"},"Button":{"root":{"color":"rgba(127, 127, 127, 1)","borderStyle":"solid","width":"180","height":"42","fontWeight":"normal","position":"absolute","fontSize":"","fontFamily":"'Nunito', sans-serif;","borderColor":"#0091ff","borderWidth":"1","borderRadius":14},"primary":{"color":"rgba(255, 255, 255, 1)","paddingTop":"0","borderStyle":"solid","width":"180","height":"42","fontWeight":"normal","paddingRight":"0","fontSize":"18px","fontFamily":"'Nunito', sans-serif;","backgroundColor":"#679f30","borderColor":"#679f30","paddingLeft":"0","borderWidth":"1","lineHeight":"30","paddingBottom":"0","letterSpacing":0,"borderRadius":14},"width":"1367","secondaryHover":{"color":"rgba(103, 159, 48, 1)","paddingTop":"0","borderStyle":"solid","width":"1367","height":"42","fontWeight":"normal","paddingRight":"0","fontSize":"18px","fontFamily":"'Nunito', sans-serif;","backgroundColor":"rgba(255, 255, 255, 1)","borderColor":"#679f30","paddingLeft":"0","borderWidth":"1","lineHeight":"30","paddingBottom":"0","letterSpacing":0,"borderRadius":"14"},"rootActive":{"borderStyle":"solid","borderRadius":"14"},"primaryActive":{"color":"rgba(255, 255, 255, 1)","paddingTop":"0","borderStyle":"solid","width":"1367","height":"42","fontWeight":"normal","paddingRight":"0","fontSize":"18px","fontFamily":"'Nunito', sans-serif;","backgroundColor":"#679f30","borderColor":"#679f30","paddingLeft":"0","borderWidth":"1","lineHeight":"30","paddingBottom":"0","letterSpacing":0,"borderRadius":"14"},"button":{"fontFamily":"'Nunito', sans-serif;","fontSize":"","fontWeight":"normal","color":"rgba(127, 127, 127, 1)"},"secondary":{"color":"rgba(103, 159, 48, 1)","paddingTop":"0","borderStyle":"solid","width":"180","height":"42","fontWeight":"normal","paddingRight":"0","fontSize":"18px","fontFamily":"'Nunito', sans-serif;","backgroundColor":"rgba(255, 255, 255, 1)","borderColor":"#679f30","paddingLeft":"0","borderWidth":"1","lineHeight":"30","paddingBottom":"0","letterSpacing":0,"borderRadius":14},"primaryHover":{"color":"rgba(255, 255, 255, 1)","paddingTop":"0","borderStyle":"solid","width":"1367","height":"42","fontWeight":"normal","paddingRight":"0","fontSize":"18px","fontFamily":"'Nunito', sans-serif;","backgroundColor":"#679f30","borderColor":"#679f30","paddingLeft":"0","borderWidth":"1","lineHeight":"30","paddingBottom":"0","letterSpacing":0,"borderRadius":"14"},"rootHover":{"borderStyle":"solid","borderRadius":"14"},"secondaryActive":{"color":"rgba(103, 159, 48, 1)","paddingTop":"0","borderStyle":"solid","width":"1367","height":"42","fontWeight":"normal","paddingRight":"0","fontSize":"18px","fontFamily":"'Nunito', sans-serif;","backgroundColor":"rgba(255, 255, 255, 1)","borderColor":"#679f30","paddingLeft":"0","borderWidth":"1","lineHeight":"30","paddingBottom":"0","letterSpacing":0,"borderRadius":"14"}},"lookupModal":{"content":{"backgroundColor":"#ffffffff"},"title":{"backgroundColor":"#679F30"},"bottomText":{"backgroundColor":"#679F30"},"header":{"backgroundColor":"#ccdb866e"},"search":{"width":"1367","backgroundColor":"#ccdb8666","borderRadius":15,"borderStyle":"solid","borderWidth":"0"},"width":"1367"},"Line":{"root":{"color":"rgba(127, 127, 127, 1)","borderStyle":"solid","width":"180","height":"2","fontWeight":"normal","position":"absolute","fontSize":"","fontFamily":"'Nunito', sans-serif;","borderColor":"rgba(164, 164, 164, 1)","borderWidth":"2"},"width":"1367"},"SmartVSignUpPage":{"root":{"fontFamily":"'Nunito', sans-serif;","fontSize":"","fontWeight":"normal","color":"rgba(127, 127, 127, 1)"},"buttonContinueHover":{"backgroundColor":"#679f30","borderStyle":"solid","borderRadius":14},"bottomLink":{"fontFamily":"'Nunito', sans-serif;","fontSize":"16px","lineHeight":"18","letterSpacing":0,"color":"rgba(127, 127, 127, 1)","fontWeight":"normal"},"width":"1367","page":{"fontFamily":"'Nunito', sans-serif;","fontSize":"","fontWeight":"normal","color":"rgba(127, 127, 127, 1)","backgroundColor":"#efefe2ff"},"fieldInput":{"fontFamily":"'Nunito', sans-serif;","fontSize":"18px","lineHeight":"22","letterSpacing":0,"color":"rgba(127, 127, 127, 1)","fontWeight":"normal","backgroundColor":"#dde0cd"},"bottomText":{"fontFamily":"'Nunito', sans-serif;","fontSize":"18px","lineHeight":"22","letterSpacing":0,"color":"rgba(127, 127, 127, 1)","fontWeight":"normal"},"title":{"fontFamily":"'Nunito', sans-serif;","fontSize":"46px","lineHeight":"56","letterSpacing":0,"color":"rgba(127, 127, 127, 1)","fontWeight":"normal"},"buttonContinue":{"color":"#ffffffff","borderStyle":"solid","fontWeight":"normal","fontSize":"18px","fontFamily":"'Nunito', sans-serif;","backgroundColor":"#679f30","lineHeight":"22","letterSpacing":0,"borderRadius":14},"fieldLabel":{"fontFamily":"'Nunito', sans-serif;","fontSize":"14px","lineHeight":"16","letterSpacing":0,"color":"rgba(127, 127, 127, 1)","fontWeight":"normal"},"description":{"fontFamily":"'Nunito', sans-serif;","fontSize":"16px","lineHeight":"27","letterSpacing":0,"color":"rgba(127, 127, 127, 1)","fontWeight":"normal"},"buttonContinueActive":{"backgroundColor":"#679f30","borderStyle":"solid","borderRadius":14}},"Tab":{"root":{"width":"300","height":"200","color":"rgba(127,127,127, 1)","fontFamily":"'Nunito', sans-serif;","fontSize":"16px","borderColor":"#dde0cd ","borderStyle":"solid","borderWidth":"1"},"tabBtnSelected":{"fontFamily":"'Nunito', sans-serif;","fontSize":"16px","fontWeight":"bold","color":"rgba(103,159,48, 1)","width":"300"},"tabBtnDisabled":{"fontFamily":"'Nunito', sans-serif;","fontWeight":"normal","fontSize":"16px","color":"#7f7f7f63","width":"300"},"width":"1367","tabBtn":{"fontFamily":"'Nunito', sans-serif;","width":"300"},"tabBtnActive":{"fontFamily":"'Nunito', sans-serif;","width":"300"},"indicator":{"backgroundColor":"rgba(103,159,48, 1)"},"scrollButtons":{"color":"rgba(103,159,48, 1)","borderColor":"rgba(103,159,48, 1)","borderStyle":"solid","borderWidth":"1"},"tabBtnHover":{"fontFamily":"'Nunito', sans-serif;","width":"300"}},"PageSearch":{"searchIcon":{"stroke":"","strokeWidth":"","width":"1367","fill":"rgba(103,159,48, 1)","height":"60"},"root":{"textVariant":"outlined","sizeVariant":"medium","primary":"rgba(103,159,48, 1)"},"input":{"input":{"fontFamily":"'Nunito', sans-serif;","fontWeight":"normal","fontSize":"16px"},"text":"rgba(127,127,127, 1)"},"width":"1367"},"SmartVVerificationPage":{"root":{"fontFamily":"'Nunito', sans-serif;","fontSize":"","fontWeight":"normal","color":"rgba(127, 127, 127, 1)"},"buttonContinueHover":{"backgroundColor":"#679f30","borderStyle":"solid","borderRadius":"14"},"bottomLink":{"fontFamily":"'Nunito', sans-serif;","fontSize":"18px","lineHeight":"22","letterSpacing":0,"color":"rgba(127, 127, 127, 1)","fontWeight":"normal"},"width":"1367","page":{"fontFamily":"'Nunito', sans-serif;","fontSize":"","fontWeight":"normal","color":"rgba(127, 127, 127, 1)","backgroundColor":"#efefe2ff"},"fieldInput":{"fontFamily":"'Nunito', sans-serif;","fontSize":"18px","lineHeight":"22","letterSpacing":0,"fontWeight":"normal","color":"rgba(127, 127, 127, 1)","backgroundColor":"#dde0cd"},"title":{"fontFamily":"'Nunito', sans-serif;","fontSize":"30px","lineHeight":"36","letterSpacing":0,"fontWeight":"normal","color":"rgba(127, 127, 127, 1)"},"buttonContinue":{"color":"#ffffffff","borderStyle":"solid","fontWeight":"normal","fontSize":"18px","fontFamily":"'Nunito', sans-serif;","backgroundColor":"#679f30","lineHeight":"22","letterSpacing":0,"borderRadius":"14"},"description":{"fontFamily":"'Nunito', sans-serif;","fontSize":"16px","lineHeight":"22","letterSpacing":0,"color":"rgba(127, 127, 127, 1)","fontWeight":"normal"},"buttonContinueActive":{"backgroundColor":"#679f30","borderStyle":"solid","borderRadius":"14"}},"galleryGrid":{"root":{"color":"rgba(127, 127, 127, 1)","width":"200","height":"200","fontWeight":"normal","position":"absolute","widthUnit":"px","heightUnit":"px","fontSize":"","fontFamily":"'Nunito', sans-serif;","minHeight":"unset","minHeightUnit":"%"},"header":{"fontFamily":"'Nunito', sans-serif;","fontSize":"30px","letterSpacing":0,"lineHeight":"50","fontWeight":"normal","color":"rgba(127, 127, 127, 1)"},"headerDescription":{"fontFamily":"'Nunito', sans-serif;","fontSize":"16px","lineHeight":"22","letterSpacing":0,"fontWeight":"normal","color":"rgba(127, 127, 127, 1)"},"width":"1367"},"Strip":{"root":{"height":"auto","minHeight":"600","fontFamily":"'Nunito', sans-serif;","shadow":[{"color":"rgba(208, 38, 38, 1)"}],"fontSize":"","fontWeight":"normal","color":"rgba(127, 127, 127, 1)"},"width":"1367"},"My Widget":{"root":{"fontFamily":"'Nunito', sans-serif;","fontSize":"","fontWeight":"normal","color":"rgba(127, 127, 127, 1)"},"width":"1367"},"ConfirmationModal":{"root":{"fontFamily":"'Nunito', sans-serif;","fontSize":"","fontWeight":"normal","color":"rgba(127, 127, 127, 1)"},"title":{"fontFamily":"'Nunito', sans-serif;","fontSize":"18px","lineHeight":"22","letterSpacing":0,"color":"rgba(127, 127, 127, 1)","fontWeight":"normal"},"description":{"fontFamily":"'Nunito', sans-serif;","fontSize":"14px","lineHeight":"20","letterSpacing":0,"color":"rgba(127, 127, 127, 1)","fontWeight":"normal"},"cancel":{"fontFamily":"'Nunito', sans-serif;","fontSize":"16px","lineHeight":"23","letterSpacing":0,"fontWeight":"normal","color":"rgba(127, 127, 127, 1)"},"apply":{"color":"rgba(255, 255, 255, 1)","borderStyle":"solid","fontWeight":"bold","fontSize":"16px","fontFamily":"'Nunito', sans-serif;","backgroundColor":"#ccdb86","borderWidth":"0","lineHeight":"22","letterSpacing":0,"borderRadius":14},"width":"1367"},"EComCatCtrl-Default":{"saleItm":{"backgroundColor":"#89bf4cff"},"soldItm":{"backgroundColor":"#d26256ff"},"width":"1367"},"ExtendedGallery":{"root":{"color":"rgba(127, 127, 127, 1)","borderStyle":"solid","width":"400","height":"300","fontWeight":"normal","position":"absolute","backgroundImage":"''","fontSize":"","fontFamily":"'Nunito', sans-serif;","backgroundColor":"rgba(255, 255, 255, 1)","borderColor":"#dde0cd ","borderWidth":"1"},"userAvatar":{"fontFamily":"'Nunito', sans-serif;","fontSize":"","width":"60","height":"60","fontWeight":"normal","color":"rgba(127, 127, 127, 1)"},"width":"1367","userPoweredBy":{"fontFamily":"'Nunito', sans-serif;","fontSize":"16px","lineHeight":"27","letterSpacing":0,"textAlign":"left","fontWeight":"normal","color":"rgba(127, 127, 127, 1)"},"button":{"color":"rgba(127, 127, 127, 1)","borderStyle":"solid","fontWeight":"normal","fontSize":"14px","fontFamily":"'Nunito', sans-serif;","backgroundColor":"rgba(228, 228, 228, 1)","borderColor":"rgba(183, 180, 180, 1)","borderWidth":"1","lineHeight":"20","letterSpacing":0,"borderRadius":2},"userContainer":{"fontFamily":"'Nunito', sans-serif;","fontSize":"","fontWeight":"normal","color":"rgba(127, 127, 127, 1)"},"userName":{"fontFamily":"'Nunito', sans-serif;","fontSize":"16px","lineHeight":"27","letterSpacing":0,"fontWeight":"normal","textAlign":"left","color":"rgba(127, 127, 127, 1)"},"title":{"fontFamily":"'Nunito', sans-serif;","fontSize":"30px","lineHeight":"36","letterSpacing":0,"paddingTop":"20","fontWeight":"normal","color":"rgba(127, 127, 127, 1)"},"description":{"fontFamily":"'Nunito', sans-serif;","fontSize":"18px","lineHeight":"26","letterSpacing":0,"fontWeight":"normal","color":"rgba(127, 127, 127, 1)"}},"Link":{"root":{"color":"#0fabf5ff","paddingTop":"0","borderStyle":"solid","fontWeight":"normal","paddingRight":"0","fontSize":"16px","fontFamily":"'Nunito', sans-serif;","backgroundColor":"#ffffff00","paddingLeft":"0","borderWidth":"0","lineHeight":"20","paddingBottom":"0","letterSpacing":0,"textDecoration":"underline"},"aHover":{"color":"#0fabf5ff","paddingTop":"0","borderStyle":"solid","fontWeight":"normal","paddingRight":"0","fontSize":"16px","fontFamily":"'Nunito', sans-serif;","backgroundColor":"#ffffff00","paddingLeft":"0","borderWidth":"0","lineHeight":"20","paddingBottom":"0","letterSpacing":0,"textDecoration":"underline"},"rootHover":{"color":"#0fabf5ff","paddingTop":"0","borderStyle":"solid","fontWeight":"normal","paddingRight":"0","fontSize":"16px","fontFamily":"'Nunito', sans-serif;","backgroundColor":"#ffffff00","paddingLeft":"0","borderWidth":"0","lineHeight":"20","paddingBottom":"0","letterSpacing":0,"textDecoration":"underline"},"aActive":{"color":"#0fabf5ff","paddingTop":"0","borderStyle":"solid","fontWeight":"normal","paddingRight":"0","fontSize":"16px","fontFamily":"'Nunito', sans-serif;","backgroundColor":"#ffffff00","paddingLeft":"0","borderWidth":"0","lineHeight":"20","paddingBottom":"0","letterSpacing":0,"textDecoration":"underline"},"rootActive":{"color":"#0fabf5ff","paddingTop":"0","borderStyle":"solid","fontWeight":"normal","paddingRight":"0","fontSize":"16px","fontFamily":"'Nunito', sans-serif;","backgroundColor":"#ffffff00","paddingLeft":"0","borderWidth":"0","lineHeight":"20","paddingBottom":"0","letterSpacing":0,"textDecoration":"underline"},"width":"1367"},"SmartVLoginFormField":{"label":{"label":{"fontFamily":"'Nunito', sans-serif;","fontWeight":"normal","fontSize":"14px"},"labelColor":"#000000ff"},"input":{"input":{"fontFamily":"'Nunito', sans-serif;","fontWeight":"normal","fontSize":"16px"},"text":"#000000ff"},"width":"1367"},"Image":{"root":{"position":"absolute","fontFamily":"'Nunito', sans-serif;","width":"300","height":"200","fontSize":"","fontWeight":"normal","color":"rgba(127, 127, 127, 1)"},"width":"1367"},"Footer":{"root":{"position":"relative","fontFamily":"'Nunito', sans-serif;","fontSize":"","fontWeight":"normal","color":"rgba(127, 127, 127, 1)"},"width":"1367"},"infoBox":{"root":{"shadow":[{"color":"rgba(0, 0, 0, 0)"}],"color":"rgba(127, 127, 127, 1)","borderStyle":"solid","width":"350","height":"160","fontWeight":"normal","position":"absolute","widthUnit":"px","heightUnit":"px","fontSize":"","fontFamily":"'Nunito', sans-serif;","backgroundColor":"#f3f4eb","borderColor":"#dde0cd ","minHeight":"unset","borderWidth":"1","paddingBottom":"","minHeightUnit":"%"},"title":{"fontFamily":"'Nunito', sans-serif;","fontSize":"24px","lineHeight":"30","letterSpacing":0,"marginRight":"20","fontWeight":"normal","color":"rgba(127, 127, 127, 1)"},"content":{"fontFamily":"'Nunito', sans-serif;","fontSize":"36px","color":"rgba(127, 127, 127, 1)","lineHeight":"50","letterSpacing":0,"marginRight":"20","fontWeight":"normal"},"subText":{"color":"rgba(127, 127, 127, 1)","paddingTop":"","fontWeight":"normal","fontSize":"16px","fontFamily":"'Nunito', sans-serif;","marginLeft":"20","marginBottom":"10","lineHeight":"30","letterSpacing":0},"icon":{"fill":"#679f30","color":"rgba(127, 127, 127, 1)","paddingTop":"15","width":"1367","height":"100","fontWeight":"normal","fontSize":"","fontFamily":"'Nunito', sans-serif;","backgroundColor":"","paddingBottom":"15"},"divider":{"backgroundColor":"#dde0cd ","paddingLeft":"","marginLeft":"10","marginRight":"10","fontWeight":"normal","color":"rgba(127, 127, 127, 1)","fontFamily":"'Nunito', sans-serif;"},"width":"1367"},"list":{"col":{"fontFamily":"'Nunito', sans-serif;","fontSize":"","paddingTop":"","paddingBottom":"","fontWeight":"normal","color":"rgba(127, 127, 127, 1)"},"headCol":{"fontSize":"16px","color":"rgba(255, 255, 255, 1)","fontFamily":"'Nunito', sans-serif;","fontWeight":"bold","lineHeight":"22","letterSpacing":0},"root":{"shadow":[{"color":"rgba(0, 0, 0, 0)"}],"color":"rgba(127, 127, 127, 1)","borderStyle":"solid","width":"300","height":"200","fontWeight":"normal","position":"absolute","widthUnit":"px","heightUnit":"px","fontSize":"","fontFamily":"'Nunito', sans-serif;","borderColor":"#dde0cd ","minHeight":"unset","borderWidth":"1","minHeightUnit":"%","borderRadius":"0"},"grouping":{"fontFamily":"'Nunito', sans-serif;","fontSize":"","fontWeight":"normal","color":"rgba(127, 127, 127, 1)"},"width":"1367","colSelection":{"fontFamily":"'Nunito', sans-serif;","fontSize":"","fontWeight":"normal","color":"rgba(127, 127, 127, 1)"},"header":{"fontFamily":"'Nunito', sans-serif;","fontSize":"30px","lineHeight":"50","letterSpacing":0,"fontWeight":"normal","color":"rgba(127, 127, 127, 1)"},"scroll":{"color":"rgba(127, 127, 127, 1)","borderStyle":"solid","thumbImage":"linear-gradient(90deg, rgb(221, 224, 205) 0%,rgb(204, 219, 134) 97.7%)","width":"1367","fontWeight":"normal","thumbColor":"","fontFamily":"'Nunito', sans-serif;","borderColor":"rgba(185, 184, 184, 1)","borderWidth":"1","scrollBarColor":"rgba(243, 244, 235, 1)","borderRadius":"2"},"activeTab":{"fontFamily":"'Nunito', sans-serif;","fontSize":"","backgroundColor":"rgba(209, 232, 249, 1)","fontWeight":"normal","color":"rgba(127, 127, 127, 1)"},"headerDescription":{"fontFamily":"'Nunito', sans-serif;","fontSize":"16px","lineHeight":"22","letterSpacing":0,"fontWeight":"normal","color":"rgba(127, 127, 127, 1)"},"tab":{"fontFamily":"'Nunito', sans-serif;","fontSize":"","fontWeight":"normal","color":"rgba(127, 127, 127, 1)"},"row":{"fontFamily":"'Nunito', sans-serif;","fontSize":"16px","height":"40","lineHeight":"22","letterSpacing":0,"fontWeight":"normal","color":"rgba(127, 127, 127, 1)"},"headRow":{"color":"rgba(127, 127, 127, 1)","height":"50","fontWeight":"normal","background":"","fontSize":"18px","fontFamily":"'Nunito', sans-serif;","backgroundColor":"#ccdb86","lineHeight":"38","letterSpacing":0}},"EComProdCtrl":{"addToCartBtn":{"backgroundColor":"rgba(103,159,48, 1)","width":"150"},"width":"1367","quantBtn":{"width":""}},"chart":{"root":{"shadow":[{"color":"rgba(0, 0, 0, 0.2)"}],"color":"rgba(127, 127, 127, 1)","borderStyle":"solid","width":"300","height":"200","fontWeight":"normal","position":"absolute","widthUnit":"px","paddingRight":"10","heightUnit":"px","fontSize":"","fontFamily":"'Nunito', sans-serif;","borderColor":"#dde0cd ","paddingLeft":"10","minHeight":"unset","borderWidth":"1","minHeightUnit":"%"},"header":{"fontFamily":"'Nunito', sans-serif;","fontSize":"30px","lineHeight":"50","letterSpacing":0,"fontWeight":"normal","color":"rgba(127, 127, 127, 1)"},"headerDescription":{"fontFamily":"'Nunito', sans-serif;","fontSize":"16px","lineHeight":"22","letterSpacing":0,"fontWeight":"normal","color":"rgba(127, 127, 127, 1)"},"no-data":{"fontFamily":"'Nunito', sans-serif;","fontSize":"18px","fontWeight":"normal","lineHeight":"24","letterSpacing":0,"color":"rgba(127, 127, 127, 1)"},"axisX":{"fontFamily":"'Nunito', sans-serif;","fontSize":"12px","lineHeight":"16","letterSpacing":0,"fontWeight":"normal","color":"rgba(127, 127, 127, 1)"},"axisY":{"fontFamily":"'Nunito', sans-serif;","fontSize":"12px","fontWeight":"normal","lineHeight":"16","letterSpacing":0,"color":"rgba(127, 127, 127, 1)"},"chartColor":{"fontFamily":"'Nunito', sans-serif;","chartColor":"#003700;#679f30;#ccdb86;#dde0cd ;#7ce8ea;#087ed7;#a9cf82","fontSize":"","fontWeight":"normal","color":"rgba(127, 127, 127, 1)"},"width":"1367"}}},"recentColors":["#e05a5aff","#e9ef79ff"],"Header":{"enable":true,"Menu":[{"Type":"PAGE","href":"p2","id":"10b94475-615a-413d-8237-ed51ed9034bd","Text":"Home"},{"Type":"PAGE","href":"p9","id":"6d1cdc00-a0c4-49d1-9395-b1e502972d56","Text":"Page 2"}]},"lastID":78,"isEnabledVersions":true,"customFonts":[{"value":"'Lato', sans-serif;","label":"Lato"},{"value":"'Archivo Narrow', sans-serif;","label":"Archivo Narrow"},{"value":"'Archivo', sans-serif;","label":"Archivo"},{"value":"'Nunito', sans-serif;","label":"Nunito"}],"pushToSalesforce":{"enabled":true,"isWidget":true,"list":[{"sobjectLabel":"Account","multiMatchs":"first","showLoadingMessage":true,"loadingMessage":" ","uid":"8435261e-cb79-4a84-b835-f8d8ce05df1b","sobject":"Account","isChild":false,"updateCondition":[],"childrens":[],"bulkMode":false,"action":"create","isPushItem":true,"customSkipMessage":"Skipped ...","limits":"","anyMatch":"skip","isSFGetIntegration":false,"gridFields":{"Name":"view:p2##p2:e76"},"comment":""}]},"ui":{"useAnimations":true},"sfMapping":{"enabled":true,"isWidget":true,"list":[{"elemUID":"e78","sobjectLabel":"Account","loadPickList":false,"multiMatchs":"all","showLoadingMessage":true,"loadingMessage":" ","uid":"9abbab53-00c3-4e08-a25c-cea85472f8d8","processOnCustomButton":true,"sobject":"Account","isChild":false,"updateCondition":[{"conditions":[]}],"childrens":[],"processOnload":false,"customSkipMessage":"Skipped ...","limits":20,"anyMatch":"skip","source":"","isSFGetIntegration":true,"gridFields":{"chartWidget:e78#-#p2:e78:x":"NumberOfEmployees","chartWidget:e78#-#p2:e78:y":"Type"},"comment":"chart - e78"}]},"versionsSettings":{"isUseGit":true,"repo":"amy-forms.txt","branch":"zii"},"RepeatedStripsID":[]},"PublishedAt":"2021-05-19T15:01:21.867Z","PublishedIsPublic":true,"PublishedURL":"ft9c9b9c97ca3c4cc59c904d5d8480f557"}