{"IsDeleted":false,"IsDisabled":false,"isPublic":true,"Description":"","Version":0,"ProjectID":"60a514773439fa7391d2dabd","isCachedCDN":"1.27.25","_id":"60a514763439fa7391d2dabc","Props":{"elements":{"s5":{"type":"Strip","props":{"styleRef":"s5","sm":{"tabs":[]}},"children":["e6","e7","e8","e78"],"parent":null},"e76":{"type":"FormField","props":{"control":"text","lg":{"value":"","label":"Text field","placeholder":"Text field","variant":"standard","gridArea":"Col1","position":{"left":344.5,"top":175},"isHidden":false},"styleRef":"e76","sm":{"readOnly":"","variant":"standard","isDisabled":"","autoFocus":"","position":{"left":180,"top":175,"topUnit":"px","leftUnit":"px","transform":""},"hideErrorIndicator":true,"disableAutoSuggest":"","isShowLabel":true,"placeholder":"Text field","hideAsterisk":"","label":"Text field","hideValidIndicator":true,"disallowPaste":"","tabOrder":"","mandatory":"","passwordMode":"","tabs":[]}},"children":[],"parent":"s1"},"e77":{"type":"Button","props":{"lg":{"text":"Button","gridArea":"Col1","variant":"primary","position":{"left":466.5,"top":312},"isHidden":false},"target":"self","customURL":"","type":"redirect","redirect":{"label":"Other","value":"other"},"styleRef":"e77","action":[{"uid":"f162159b-cf33-4c54-9f62-3f83c0270477","conditions":[],"isAction":false,"actions":{"sfAction":[{"items":[{"label":"#1 Account (create) ","value":"8435261e-cb79-4a84-b835-f8d8ce05df1b","isPush":true,"order":""}]}]}}],"sm":{"tabs":[],"position":{"left":302,"top":312,"topUnit":"px","leftUnit":"px","transform":""}}},"children":[],"parent":"s1"},"e78":{"type":"Widget","props":{"lg":{"gridArea":"Col1","position":{"left":825,"top":78,"leftUnit":"px","topUnit":"px","right":"","bottom":"","transform":""},"isHidden":false},"tag":"","data":{"Type":"chart","Props":{"source":"object","conditions":[{"operator":"contains","valueType":"value","staticValue":"","brackets":"","uid":"static","postCondition":"and"}],"ChartType":"pie","object":{"label":"Account","value":"Account"},"sfMapping":{"x":{"label":"Employees","value":"NumberOfEmployees","updateable":true,"createable":true,"type":"int","referenceTo":[],"relationshipName":null},"y":{"label":"Account Type","value":"Type","updateable":true,"createable":true,"type":"picklist","referenceTo":[],"relationshipName":null}}}},"styleRef":"e78","md":{"isHidden":false},"sm":{"isHidden":true,"tabs":[],"position":{"left":825,"top":78,"leftUnit":"px","topUnit":"px","right":"","bottom":"","transform":""}},"xs":{"isHidden":false},"ss":{"isHidden":false}},"children":[],"parent":"s5"},"e3":{"type":"Svg","props":{"lg":{"variant":"Star","gridArea":"Col1","svg":"","viewBox":"0 0 48 46","position":{"left":344.5,"top":90.5},"isHidden":false},"styleRef":"e3","sm":{"tabs":[],"position":{"left":180,"top":90.5,"topUnit":"px","leftUnit":"px","transform":""}}},"children":[],"parent":"s1"},"e4":{"type":"FormField","props":{"control":"textarea","lg":{"value":"","label":"Textarea field","placeholder":"Textarea field","variant":"standard","gridArea":"Col1","position":{"left":481.5,"top":76},"isHidden":false},"styleRef":"e4","sm":{"readOnly":"","variant":"standard","isDisabled":"","autoFocus":"","position":{"left":317,"top":76,"topUnit":"px","leftUnit":"px","transform":""},"hideErrorIndicator":true,"disableAutoSuggest":"","isShowLabel":true,"placeholder":"Textarea field","hideAsterisk":"","label":"Textarea field","hideValidIndicator":true,"disallowPaste":"","tabOrder":"","mandatory":"","tabs":[]}},"children":[],"parent":"s1"},"e6":{"type":"Image","props":{"lg":{"src":"https://d3255hq6rclyj1.cloudfront.net/609e5cbcb35e02203a53a8af_ftusergal_.jpg","alt":"","gridArea":"Col1","position":{"left":79,"top":129,"leftUnit":"px","topUnit":"px","right":"","bottom":"","transform":""},"isHidden":false},"styleRef":"e6","sm":{"tabs":[],"position":{"left":19,"top":101,"topUnit":"px","leftUnit":"px","transform":""},"src":"https://d3255hq6rclyj1.cloudfront.net/609e5cbcb35e02203a53a8af_ftusergal_.jpg"}},"children":[],"parent":"s5"},"e7":{"type":"Button","props":{"lg":{"text":"Button","gridArea":"Col1","variant":"primary","position":{"left":564.5,"top":161},"isHidden":false},"target":"self","customURL":"","type":"redirect","redirect":{"label":"Other","value":"other"},"styleRef":"e7","sm":{"tabs":[],"position":{"left":351,"top":161,"topUnit":"px","leftUnit":"px","transform":""}}},"children":[],"parent":"s5"},"e8":{"type":"Section","props":{"lg":{"gridArea":"Col1","position":{"left":486.5,"top":292},"isHidden":false,"animation":{"in":{"type":"animate__backInLeft"}}},"styleRef":"e8","sm":{"tabs":[],"position":{"left":273,"top":292,"topUnit":"px","leftUnit":"px","transform":""},"animation":{"in":{"type":"animate__backInLeft"}}}},"children":[],"parent":"s5"},"s1":{"type":"Strip","props":{"styleRef":"s1","sm":{"tabs":[]}},"children":["e3","e4","e76","e77"],"parent":null}},"Grid":["s1","s5"],"styles":{"s5":{"type":"Strip","lg":{"columns":1,"rows":1,"areas":[["Col1"]],"root":{"minHeight":"600","backgroundColor":"#e05a5aff"}},"sm":{"rows":1,"areas":[["Col1"]],"root":{"minHeight":"unset !important","backgroundColor":"#e05a5aff"},"columns":"1","row0":512,"row0Unit":"px"},"IsConfiguredDevice":{"sm":true}},"e76":{"lg":{"root":{"width":"270","height":"auto"}},"type":"FormField","IsConfiguredDevice":{"sm":true},"sm":{"root":{"width":"270","height":"auto"}}},"e77":{"lg":{"root":{"width":"180","height":"52"}},"type":"Button","IsConfiguredDevice":{"sm":true},"sm":{"root":{"width":"180","height":"52"}}},"e78":{"type":"chart","lg":{"root":{"height":"200","width":"300"},"chart":{"minHeight":"unset","minHeightUnit":"%"}},"isHidden":{"lg":false,"sm":false},"IsConfiguredDevice":{"sm":true},"sm":{"root":{"height":"200","width":"300"},"chart":{"minHeight":"unset","minHeightUnit":"%"}}},"e3":{"lg":{"root":{"width":"50","height":"50"}},"type":"Svg","IsConfiguredDevice":{"sm":true},"sm":{"root":{"width":"50","height":"50"}}},"e4":{"lg":{"root":{"width":"270","height":"auto"}},"type":"FormField","IsConfiguredDevice":{"sm":true},"sm":{"root":{"width":"270","height":"auto"}}},"e6":{"lg":{"root":{"width":"250","height":166}},"type":"Image","IsConfiguredDevice":{"sm":true},"sm":{"root":{"width":"250","height":166}}},"e7":{"lg":{"root":{"width":"180","height":"52"}},"type":"Button","IsConfiguredDevice":{"sm":true},"sm":{"root":{"width":"180","height":"52"}}},"e8":{"lg":{"root":{"width":475,"height":"200","backgroundColor":"#e9ef79ff"}},"type":"Section","IsConfiguredDevice":{"sm":true},"sm":{"root":{"width":475,"height":"200","backgroundColor":"#e9ef79ff"}}},"s1":{"type":"Strip","lg":{"columns":1,"rows":1,"areas":[["Col1"]],"root":{"minHeight":"600","backgroundImage":"https://d3255hq6rclyj1.cloudfront.net/6097bedbcb35e53126150bbe_ftusergal_.jpg"}},"sm":{"rows":1,"areas":[["Col1"]],"root":{"minHeight":"unset !important","backgroundImage":"https://d3255hq6rclyj1.cloudfront.net/609ccdbf175237314e77b0a7_ftusergal_.jpg"},"columns":"1","row0":384,"row0Unit":"px"},"IsConfiguredDevice":{"sm":true}}},"IsConfiguredDevice":{"sm":true,"lg":true}},"URL":"ftec90adb243744a37beb25ddeefd26151","UserID":235848,"CreatedAt":"2021-05-19T13:36:54.993Z","__v":0,"PublishProps":{"elements":{"s1":{"type":"Strip","props":{"styleRef":"s1"},"children":["e3","e4"],"parent":null},"e3":{"type":"Svg","props":{"lg":{"variant":"Star","gridArea":"Col1","svg":"","viewBox":"0 0 48 46","position":{"left":344.5,"top":90.5},"isHidden":false},"styleRef":"e3"},"children":[],"parent":"s1"},"e4":{"type":"FormField","props":{"control":"textarea","lg":{"value":"","label":"Textarea field","placeholder":"Textarea field","variant":"standard","gridArea":"Col1","position":{"left":481.5,"top":76},"isHidden":false},"styleRef":"e4"},"children":[],"parent":"s1"},"s5":{"type":"Strip","props":{"styleRef":"s5"},"children":["e6","e7","e8"],"parent":null},"e6":{"type":"Image","props":{"lg":{"src":"https://d3255hq6rclyj1.cloudfront.net/609e5cbcb35e02203a53a8af_ftusergal_.jpg","alt":"","gridArea":"Col1","position":{"left":232.5,"top":101},"isHidden":false},"styleRef":"e6"},"children":[],"parent":"s5"},"e7":{"type":"Button","props":{"lg":{"text":"Button","gridArea":"Col1","variant":"primary","position":{"left":564.5,"top":161},"isHidden":false},"target":"self","customURL":"","type":"redirect","redirect":{"label":"Other","value":"other"},"styleRef":"e7"},"children":[],"parent":"s5"},"e8":{"type":"Section","props":{"lg":{"gridArea":"Col1","position":{"left":486.5,"top":292},"isHidden":false},"styleRef":"e8"},"children":[],"parent":"s5"}},"Grid":["s1","s5"],"styles":{"s1":{"type":"Strip","lg":{"columns":1,"rows":1,"areas":[["Col1"]],"root":{"minHeight":"600","backgroundImage":"https://d3255hq6rclyj1.cloudfront.net/6097bedbcb35e53126150bbe_ftusergal_.jpg"}}},"e3":{"lg":{"root":{"width":"50","height":"50"}},"type":"Svg"},"e4":{"lg":{"root":{"width":"270","height":"auto"}},"type":"FormField"},"s5":{"type":"Strip","lg":{"columns":1,"rows":1,"areas":[["Col1"]],"root":{"minHeight":"600","backgroundColor":"#e05a5aff"}}},"e6":{"lg":{"root":{"width":"250","height":166}},"type":"Image"},"e7":{"lg":{"root":{"width":"180","height":"52"}},"type":"Button"},"e8":{"lg":{"root":{"width":475,"height":"200","backgroundColor":"#e9ef79ff"}},"type":"Section"}}}}