{"IsDeleted":false,"IsDisabled":false,"isPublic":true,"Description":"","Version":0,"ProjectID":"60a514773439fa7391d2dabd","isCachedCDN":"","_id":"60a514763439fa7391d2dabc","Props":{"elements":{"s1":{"type":"Strip","props":{"styleRef":"s1"},"children":[],"parent":null}},"Grid":["s1"],"styles":{"s1":{"type":"Strip","lg":{"columns":1,"rows":1,"areas":[["Col1"]],"root":{"minHeight":"600","backgroundImage":"https://d3255hq6rclyj1.cloudfront.net/6097bedbcb35e53126150bbe_ftusergal_.jpg"}}}}},"URL":"ftec90adb243744a37beb25ddeefd26151","UserID":235848,"CreatedAt":"2021-05-19T13:36:54.993Z","__v":0}