{"IsDeleted":false,"IsDisabled":false,"isPublic":true,"Description":"","Version":0,"ProjectID":"60a514773439fa7391d2dabd","isCachedCDN":"1.27.25","_id":"60a514763439fa7391d2dabc","Props":{"elements":{"s1":{"type":"Strip","props":{"styleRef":"s1"},"children":["e3","e4","e76"],"parent":null},"e3":{"type":"Svg","props":{"lg":{"variant":"Star","gridArea":"Col1","svg":"","viewBox":"0 0 48 46","position":{"left":344.5,"top":90.5},"isHidden":false},"styleRef":"e3"},"children":[],"parent":"s1"},"e4":{"type":"FormField","props":{"control":"textarea","lg":{"value":"","label":"Textarea field","placeholder":"Textarea field","variant":"standard","gridArea":"Col1","position":{"left":481.5,"top":76},"isHidden":false},"styleRef":"e4"},"children":[],"parent":"s1"},"s5":{"type":"Strip","props":{"styleRef":"s5"},"children":["e6","e7","e8"],"parent":null},"e6":{"type":"Image","props":{"lg":{"src":"https://d3255hq6rclyj1.cloudfront.net/609e5cbcb35e02203a53a8af_ftusergal_.jpg","alt":"","gridArea":"Col1","position":{"left":232.5,"top":101},"isHidden":false},"styleRef":"e6"},"children":[],"parent":"s5"},"e7":{"type":"Button","props":{"lg":{"text":"Button","gridArea":"Col1","variant":"primary","position":{"left":564.5,"top":161},"isHidden":false},"target":"self","customURL":"","type":"redirect","redirect":{"label":"Other","value":"other"},"styleRef":"e7"},"children":[],"parent":"s5"},"e8":{"type":"Section","props":{"lg":{"gridArea":"Col1","position":{"left":486.5,"top":292},"isHidden":false},"styleRef":"e8"},"children":[],"parent":"s5"},"e76":{"type":"FormField","props":{"control":"text","lg":{"value":"","label":"Text field","placeholder":"Text field","variant":"standard","gridArea":"Col1","position":{"left":344.5,"top":175},"isHidden":false},"styleRef":"e76"},"children":[],"parent":"s1"}},"Grid":["s1","s5"],"styles":{"s1":{"type":"Strip","lg":{"columns":1,"rows":1,"areas":[["Col1"]],"root":{"minHeight":"600","backgroundImage":"https://d3255hq6rclyj1.cloudfront.net/6097bedbcb35e53126150bbe_ftusergal_.jpg"}}},"e3":{"lg":{"root":{"width":"50","height":"50"}},"type":"Svg"},"e4":{"lg":{"root":{"width":"270","height":"auto"}},"type":"FormField"},"s5":{"type":"Strip","lg":{"columns":1,"rows":1,"areas":[["Col1"]],"root":{"minHeight":"600","backgroundColor":"#e05a5aff"}}},"e6":{"lg":{"root":{"width":"250","height":166}},"type":"Image"},"e7":{"lg":{"root":{"width":"180","height":"52"}},"type":"Button"},"e8":{"lg":{"root":{"width":475,"height":"200","backgroundColor":"#e9ef79ff"}},"type":"Section"},"e76":{"lg":{"root":{"width":"270","height":"auto"}},"type":"FormField"}}},"URL":"ftec90adb243744a37beb25ddeefd26151","UserID":235848,"CreatedAt":"2021-05-19T13:36:54.993Z","__v":0,"PublishProps":{"elements":{"s1":{"type":"Strip","props":{"styleRef":"s1"},"children":["e3","e4"],"parent":null},"e3":{"type":"Svg","props":{"lg":{"variant":"Star","gridArea":"Col1","svg":"","viewBox":"0 0 48 46","position":{"left":344.5,"top":90.5},"isHidden":false},"styleRef":"e3"},"children":[],"parent":"s1"},"e4":{"type":"FormField","props":{"control":"textarea","lg":{"value":"","label":"Textarea field","placeholder":"Textarea field","variant":"standard","gridArea":"Col1","position":{"left":481.5,"top":76},"isHidden":false},"styleRef":"e4"},"children":[],"parent":"s1"},"s5":{"type":"Strip","props":{"styleRef":"s5"},"children":["e6","e7","e8"],"parent":null},"e6":{"type":"Image","props":{"lg":{"src":"https://d3255hq6rclyj1.cloudfront.net/609e5cbcb35e02203a53a8af_ftusergal_.jpg","alt":"","gridArea":"Col1","position":{"left":232.5,"top":101},"isHidden":false},"styleRef":"e6"},"children":[],"parent":"s5"},"e7":{"type":"Button","props":{"lg":{"text":"Button","gridArea":"Col1","variant":"primary","position":{"left":564.5,"top":161},"isHidden":false},"target":"self","customURL":"","type":"redirect","redirect":{"label":"Other","value":"other"},"styleRef":"e7"},"children":[],"parent":"s5"},"e8":{"type":"Section","props":{"lg":{"gridArea":"Col1","position":{"left":486.5,"top":292},"isHidden":false},"styleRef":"e8"},"children":[],"parent":"s5"}},"Grid":["s1","s5"],"styles":{"s1":{"type":"Strip","lg":{"columns":1,"rows":1,"areas":[["Col1"]],"root":{"minHeight":"600","backgroundImage":"https://d3255hq6rclyj1.cloudfront.net/6097bedbcb35e53126150bbe_ftusergal_.jpg"}}},"e3":{"lg":{"root":{"width":"50","height":"50"}},"type":"Svg"},"e4":{"lg":{"root":{"width":"270","height":"auto"}},"type":"FormField"},"s5":{"type":"Strip","lg":{"columns":1,"rows":1,"areas":[["Col1"]],"root":{"minHeight":"600","backgroundColor":"#e05a5aff"}}},"e6":{"lg":{"root":{"width":"250","height":166}},"type":"Image"},"e7":{"lg":{"root":{"width":"180","height":"52"}},"type":"Button"},"e8":{"lg":{"root":{"width":475,"height":"200","backgroundColor":"#e9ef79ff"}},"type":"Section"}}}}