{"IsDeleted":false,"Description":"","IsDisabled":false,"isPublic":true,"Version":0,"_id":"60a514773439fa7391d2dabd","Name":"test versions","Settings":{"styles":{"Header":{"type":"Header","IsConfiguredDevice":{"sm":true}},"Footer":{"type":"Footer","IsConfiguredDevice":{"sm":true},"lg":{"type":"Footer","columns":1,"rows":1,"areas":[["a"]]}},"Drawer":{"type":"Drawer","IsConfiguredDevice":{"sm":true}},"SmartVLoginPage":{"type":"SmartVLoginPage","IsConfiguredDevice":{"sm":true}},"SmartVSignUpPage":{"type":"SmartVSignUpPage","IsConfiguredDevice":{"sm":true}},"SmartVVerificationPage":{"type":"SmartVVerificationPage","IsConfiguredDevice":{"sm":true}}},"theme":{"primaryColor":"#0091ff","primary":"rgba(104,190,255, 1)","color":"#000","page404":{"elements":{"f0f25d44-e2f5-4422-b0ff-9e7d04b27d23":{"type":"Strip","props":{"styleRef":"f0f25d44-e2f5-4422-b0ff-9e7d04b27d23"},"children":["4b2424a1-4503-4178-bab7-e6a2006bd72b"],"parent":null},"4b2424a1-4503-4178-bab7-e6a2006bd72b":{"type":"Image","props":{"lg":{"src":"https://d3255hq6rclyj1.cloudfront.net/5fb4d90832a3003d6cde2e7d_ftusergal_.png","alt":"","gridArea":"Col1","position":{"left":222,"top":77,"leftUnit":"px","topUnit":"px","right":"","bottom":"","transform":""}},"styleRef":"4b2424a1-4503-4178-bab7-e6a2006bd72b"},"children":[],"parent":"f0f25d44-e2f5-4422-b0ff-9e7d04b27d23"}},"Grid":["f0f25d44-e2f5-4422-b0ff-9e7d04b27d23"],"styles":{"f0f25d44-e2f5-4422-b0ff-9e7d04b27d23":{"type":"Strip","lg":{"columns":1,"rows":1,"areas":[["Col1"]],"root":{"minHeight":647},"row0":647,"row0Unit":"px"}},"4b2424a1-4503-4178-bab7-e6a2006bd72b":{"lg":{"root":{"height":467}},"type":"Image","isHidden":{"lg":false}}}},"secondaryContrastColor":"#0091ff","secondaryColor":"#fff","fontFamily":"'Lato', sans-serif;","secondary":"rgba(0,145,255, 1)","backgroundColor":"rgba(209,209,209, 1)","FormField":{"all":{"filled":"#cee7f9ff","primary":"#0091FF","success":"#1dde8cff","error":"#e42e5dff","input":{"fontFamily":"'Lato', sans-serif;","fontWeight":"normal","fontSize":"16px","width":"1367"},"text":"#0a0a0aff","labelColor":"#000000ff","label":{"fontFamily":"'Lato', sans-serif;","fontWeight":"normal","fontSize":"16px","width":"1367"},"textVariant":"standard","labelColorShrink":"#000000ff","errorMsg":{"fontFamily":"'Lato', sans-serif;","fontWeight":"normal","fontSize":"16px","width":"1367"},"labelShrink":{"fontFamily":"'Lato', sans-serif;","fontWeight":"normal","fontSize":"14px"}},"upload":{"icon":"rgba(0,145,255, 1)","primary":"","label":{"fontFamily":"'Lato', sans-serif;","fontWeight":"normal","fontSize":"18px","width":"1367"},"labelColor":"#000000ff","input":{"fontFamily":"'Lato', sans-serif;","fontWeight":"normal","fontSize":"18px","width":"1367"},"text":"#000000ff","errorMsg":{"width":"1367"}},"buttongroup":{"primaryActive":"rgba(104,190,255, 1)","filledBtnColor":"rgba(104,190,255, 1)","input":{"fontFamily":"'Lato', sans-serif;","fontWeight":"normal","fontSize":"16px","width":"1367"},"text":"#ffffffff","labelColor":"","filledBtnColorActive":"","label":{"width":"1367"},"errorMsg":{"width":"1367"},"primaryHover":"rgba(104,190,255, 1)","primarySelected":"rgba(104,190,255, 1)"},"multiSelect":{"chipFill":"rgba(0,145,255, 1)","chipIconColor":"#ffffffff","inputItem":{"fontFamily":"'Lato', sans-serif;","fontWeight":"normal","fontSize":"14px"},"textItem":"#ffffffff","input":{"width":"1367"},"label":{"width":"1367"},"errorMsg":{"width":"1367"}},"signature":{"borderColor":"rgba(209,209,209, 1)","borderWidth":"1","input":{"width":"1367"},"label":{"width":"1367"},"errorMsg":{"width":"1367"}}},"_id":"5fb1705527e5af269ee3f3b5","sm":{"Header":{"root":{"width":767,"height":null,"fontWeight":"normal","position":"relative","widthUnit":"px","heightUnit":"px","marginRight":"auto","background":"","fontSize":"","fontFamily":"'Lato', sans-serif;","marginLeft":"auto","backgroundColor":"rgba(192, 225, 250, 1)"},"profileIcon":{"fontFamily":"'Lato', sans-serif;","fontSize":"","marginRight":"20","width":"1367","height":"25","marginLeft":"6","fontWeight":"normal"},"profileMenuLink":{"fontFamily":"'Lato', sans-serif;","fontSize":"","fontWeight":"normal"},"profileLink":{"fontFamily":"'Lato', sans-serif;","fontSize":"","marginRight":"","textAlign":"right","fontWeight":"normal"},"width":"1367","profileMenu":{"fontFamily":"'Lato', sans-serif;","fontSize":"","fontWeight":"normal"},"logo":{"fontFamily":"'Lato', sans-serif;","fontSize":"","fontWeight":"normal"},"title":{"fontFamily":"'Lato', sans-serif;","fontSize":"22px","lineHeight":"24","color":"rgba(0, 0, 0, 1)","marginRight":"30","fontWeight":"normal"},"link":{"fontFamily":"'Lato', sans-serif;","fontSize":"","paddingLeft":"10","paddingRight":"10","fontWeight":"normal"},"signInLink":{"fontFamily":"'Lato', sans-serif;","fontSize":"","marginRight":"20","fontWeight":"normal"},"IsConfiguredDevice":true},"Drawer":{"hamburgerIcon":{"fontFamily":"'Lato', sans-serif;","fontSize":"","fontWeight":"normal"},"root":{"fontFamily":"'Lato', sans-serif;","fontSize":"","backgroundColor":"rgba(150, 207, 251, 1)","background":"","fontWeight":"normal"},"linkHover":{"backgroundColor":"rgba(192, 225, 250, 1)"},"width":"1367","logo":{"fontFamily":"'Lato', sans-serif;","fontSize":"","fontWeight":"normal"},"closeIcon":{"fontFamily":"'Lato', sans-serif;","fontSize":"","fontWeight":"normal"},"lightbox":{"backgroundColor":"rgba(255, 255, 255, 0.16)","fontWeight":"normal"},"title":{"marginTop":"","fontWeight":"normal","fontSize":"18px","fontFamily":"'Lato', sans-serif;","marginLeft":"10","backgroundColor":"","marginBottom":"10","lineHeight":"22","letterSpacing":0},"icon":{"fontFamily":"'Lato', sans-serif;","fontSize":"20px","fontWeight":"normal"},"link":{"fontFamily":"'Lato', sans-serif;","fontSize":"18px","lineHeight":"22","letterSpacing":0,"marginRight":"10","fontWeight":"normal","color":"rgba(8, 8, 8, 1)"}},"Footer":{"root":{"position":"relative","fontFamily":"'Lato', sans-serif;","fontSize":"","fontWeight":"normal","widthUnit":"px","marginLeft":"auto","marginRight":"auto","width":767},"width":"1367","IsConfiguredDevice":false},"Page":{"root":{"overflow":"visible","fontFamily":"'Lato', sans-serif;"},"60a51c6b3439fa7391d2dacb":{"width":"1367"}}},"Type":"ThemeTemplate","lg":{"SmartVLoginForm":{"progress":{"color":"#de5b5bff"}},"CarouselContainer":{"root":{"width":"300","height":"200"},"pointRoot":{"paddingBottom":"10"},"pointItemSel":{"backgroundColor":"#000000ff"}},"TwoSideSection":{"root":{"width":"300","height":"200","borderWidth":"1","borderStyle":"solid","borderColor":"rgba(209,209,209, 1)"}},"YouTube":{"root":{"position":"absolute","fontFamily":"'Lato', sans-serif;","fontSize":"","fontWeight":"normal","width":"300","height":"180"},"width":"1367"},"TreeView":{"root":{"variant":"basic","width":"300","height":"200"},"icon":{"width":"20","height":"20","fill":"rgba(0,145,255, 1)"},"itemSelected":{"backgroundColor":"#d1e8f9"},"header":{"backgroundColor":""},"ctrlIcon":{"fill":"#060606ff","width":"1367","stroke":"#000000ff"},"width":"1367"},"Badge":{"icon":{"height":"30","width":"30"},"badge":{"color":"#ffffffff","borderStyle":"solid","width":"25","marginTop":"","height":"25","marginRight":"","fontSize":"14px","backgroundColor":"rgba(0,145,255, 1)","borderColor":"rgba(0,145,255, 1)","borderWidth":"0","borderRadius":"25"},"width":"1367"},"form":{"successMsgRoot":{"fontFamily":"'Lato', sans-serif;","fontSize":"","fontWeight":"normal"},"root":{"borderStyle":"solid","width":"1367","height":"200","fontWeight":"normal","position":"absolute","widthUnit":"px","heightUnit":"px","fontSize":"","fontFamily":"'Lato', sans-serif;","borderColor":"rgba(218, 217, 217, 1)","minHeight":"unset","borderWidth":"1","minHeightUnit":"%"},"errorMsgText":{"fontFamily":"'Lato', sans-serif;","fontSize":"14px","lineHeight":"18","letterSpacing":0,"fontWeight":"normal"},"width":"1367","errorMsgButton":{"fontFamily":"'Lato', sans-serif;","fontSize":"16px","lineHeight":"22","letterSpacing":0,"fontWeight":"normal"},"successMsgText":{"fontFamily":"'Lato', sans-serif;","fontSize":"14px","lineHeight":"18","letterSpacing":0,"fontWeight":"normal"},"header":{"fontFamily":"'Lato', sans-serif;","fontSize":"30px","lineHeight":"50","letterSpacing":0,"fontWeight":"normal"},"scroll":{"width":"1367","scrollBarColor":"rgba(237, 238, 239, 1)","thumbImage":"linear-gradient(90deg, rgb(164, 204, 228) 0%,rgb(75, 164, 222) 100%)","borderColor":"rgba(224, 224, 224, 1)","borderStyle":"solid","borderRadius":"4","fontWeight":"normal"},"headerDescription":{"fontFamily":"'Lato', sans-serif;","fontSize":"16px","lineHeight":"22","letterSpacing":0,"fontWeight":"normal"},"successMsgButton":{"fontFamily":"'Lato', sans-serif;","fontSize":"16px","lineHeight":"22","letterSpacing":0,"fontWeight":"normal"},"errorMsgicon":{"fontFamily":"'Lato', sans-serif;","fontSize":"","fontWeight":"normal"},"button":{"borderStyle":"solid","width":"1367","marginTop":"10","height":"40","fontWeight":"normal","fontSize":"16px","fontFamily":"'Lato', sans-serif;","backgroundColor":"#0091ff","borderWidth":"0","lineHeight":"22","letterSpacing":0,"borderRadius":"20"},"errorMsgIconRoot":{"fontFamily":"'Lato', sans-serif;","fontSize":"","fontWeight":"normal"},"label":{"fontFamily":"'Lato', sans-serif;","fontSize":"16px","lineHeight":"18","letterSpacing":0,"fontWeight":"normal"},"successMsgicon":{"fontFamily":"'Lato', sans-serif;","fontSize":"","fontWeight":"normal"},"floatLabel":{"fontFamily":"'Lato', sans-serif;","fontSize":"16px","lineHeight":"18","letterSpacing":0,"fontWeight":"normal"},"successMsgIconRoot":{"fontFamily":"'Lato', sans-serif;","fontSize":"","fontWeight":"normal"},"successMsgTitle":{"fontFamily":"'Lato', sans-serif;","fontSize":"18px","lineHeight":"23","letterSpacing":0,"fontWeight":"normal"},"errorMsgRoot":{"fontFamily":"'Lato', sans-serif;","fontSize":"","fontWeight":"normal"},"element":{"fontFamily":"'Lato', sans-serif;","fontSize":"16px","lineHeight":"20","letterSpacing":0,"fontWeight":"normal"},"errorMsgTitle":{"fontFamily":"'Lato', sans-serif;","fontSize":"18px","lineHeight":"23","letterSpacing":0,"fontWeight":"normal"}},"Form":{"root":{"width":"300","height":"200"},"submitBtn":{"color":"#ffffffff","borderStyle":"solid","width":"80","height":"30","fontWeight":"normal","fontSize":"16px","fontFamily":"'Lato', sans-serif;","backgroundColor":"rgba(104,190,255, 1)","borderWidth":"0","borderRadius":10},"submitBtnHover":{"backgroundColor":"rgba(104,190,255, 1)","fontFamily":"'Lato', sans-serif;","fontWeight":"normal","fontSize":"16px","color":"#ffffffff"},"submitBtnActive":{"backgroundColor":"rgba(104,190,255, 1)","fontFamily":"'Lato', sans-serif;","fontWeight":"normal","fontSize":"16px","color":"#ffffffff"}},"Vimeo":{"root":{"position":"absolute","fontFamily":"'Lato', sans-serif;","fontSize":"","fontWeight":"normal","width":"300","height":"180"},"width":"1367"},"Svg":{"root":{"fill":"rgba(185, 184, 184, 1)","width":"50","height":"50","fontWeight":"normal","position":"absolute","strokeWidth":"2","fontSize":"","fontFamily":"'Lato', sans-serif;","stroke":"rgba(0, 145, 255, 1)"},"element":{"fontFamily":"'Lato', sans-serif;","fontSize":"","fontWeight":"normal"},"shape":{"fontFamily":"'Lato', sans-serif;","fill":"rgba(255, 249, 249, 1)","stroke":"#0091ff","strokeWidth":"2","width":"50","height":"50","fontSize":"","fontWeight":"normal"},"icon":{"fontFamily":"'Lato', sans-serif;","fill":"rgba(0, 145, 255, 1)","stroke":"","strokeWidth":"","width":"50","height":"50","fontSize":"","fontWeight":"normal"},"width":"1367"},"Widget":{"root":{"position":"absolute","width":"1367","widthUnit":"%","minHeight":"unset","minHeightUnit":"%","height":"100","heightUnit":"%"},"width":"1367"},"iframe":{"root":{"borderStyle":"solid","width":"200","height":"200","position":"absolute","widthUnit":"px","heightUnit":"px","borderColor":"rgba(201, 201, 201, 1)","minHeight":"unset","borderWidth":"1","minHeightUnit":"%"},"width":"1367"},"CustomLoader":{"loader":{"backgroundImage":"https://d34n0xw2ofs24w.cloudfront.net/animationpreloaders/animation_25.gif","height":"100","width":"1367"},"width":"1367"},"Section":{"root":{"borderStyle":"dashed","width":"200","height":"200","fontWeight":"normal","position":"absolute","fontSize":"","fontFamily":"'Lato', sans-serif;","borderColor":"rgba(201, 201, 201, 1)","borderWidth":"2"},"width":"1367"},"EComBadge":{"icon":{"width":"30","height":"30"},"badge":{"backgroundColor":"rgba(0,145,255, 1)","color":"#ffffffff","fontSize":"14px","width":"25","height":"25","borderStyle":"solid","borderRadius":"25","borderWidth":"0"},"width":"1367"},"Accordion":{"acrdPanel":{"backgroundColor":"#9ad3ff"},"acrdTitle":{"fontFamily":"'Lato', sans-serif;","fontWeight":"normal","fontSize":"16px","color":"#000"},"width":"1367","root":{"width":"300","height":"300"}},"Search":{"root":{"shadow":[],"borderStyle":"solid","width":"1367","height":"32","fontWeight":"normal","position":"absolute","fontSize":"16px","fontFamily":"'Lato', sans-serif;","backgroundColor":"rgba(255, 255, 255, 1)","borderColor":"rgba(185, 184, 184, 1)","textAlign":"left","paddingLeft":"15","borderWidth":"1","lineHeight":"27","letterSpacing":0,"borderRadius":"16"},"width":"1367"},"Stack":{"root":{"borderStyle":"dashed","width":"200","height":"200","fontWeight":"normal","position":"absolute","fontSize":"","fontFamily":"'Lato', sans-serif;","borderColor":"rgba(201, 201, 201, 1)","borderWidth":"2"},"width":"1367"},"PowerTable":{"thr-0":{"backgroundColor":"#bebfbfff","fontFamily":"'Lato', sans-serif;","fontWeight":"normal","fontSize":"16px","color":"#ffffffff"},"root":{"color":"#060000ff","borderStyle":"solid","width":"400","height":"300","fontWeight":"normal","fontSize":"18px","fontFamily":"'Lato', sans-serif;","borderColor":"#DAD9D9","borderWidth":"1"},"thr-1":{"fontFamily":"'Lato', sans-serif;","fontWeight":"normal","fontSize":"16px","color":"#ffffffff","backgroundColor":"#68beff"},"thr-2":{"backgroundColor":"#cae5f9","fontFamily":"'Lato', sans-serif;","fontSize":"16px","fontWeight":"normal","color":"#666666ff"},"thr-3":{"backgroundColor":"#a7cae4","fontFamily":"'Lato', sans-serif;","fontWeight":"normal","fontSize":"16px","color":"#666666ff"},"thr-4":{"fontFamily":"'Lato', sans-serif;","fontWeight":"normal","fontSize":"16px","color":"#666666ff","backgroundColor":"#9ad3ff"},"width":"1367","thr-5":{"backgroundColor":"#cfe2ef","fontFamily":"'Lato', sans-serif;","fontWeight":"normal","fontSize":"16px"},"qSubmit":{"color":"#ffffffff","borderStyle":"solid","width":"80","height":"35","fontWeight":"normal","fontSize":"16px","fontFamily":"'Lato', sans-serif;","backgroundColor":"rgba(104,190,255, 1)","marginBottom":"10","borderWidth":"0","borderRadius":"10"},"progress":{"color":"rgba(104,190,255, 1)","lineWidth":"0"},"scroll":{"width":"10","scrollBarImage":"linear-gradient(90deg, rgb(199, 199, 199) 0%,rgb(0, 0, 0) 100%)","thumbImage":"linear-gradient(90deg, rgb(164, 204, 228) 0%,rgb(75, 164, 222) 100%)","scrollBarColor":"rgba(209,209,209, 1)"},"qDiscard":{"color":"#ffffffff","borderStyle":"solid","width":"80","height":"35","fontWeight":"normal","fontSize":"16px","fontFamily":"'Lato', sans-serif;","marginLeft":"10","backgroundColor":"rgba(104,190,255, 1)","marginBottom":"10","borderWidth":"0","borderRadius":"10"},"apply":{"color":"#fdfdfdff","paddingTop":"5","borderStyle":"solid","width":"80","height":"35","fontWeight":"normal","paddingRight":"5","fontSize":"14px","fontFamily":"'Lato', sans-serif;","backgroundColor":"rgba(104,190,255, 1)","paddingLeft":"5","borderWidth":"0","paddingBottom":"5","borderRadius":"10"},"td":{"fontFamily":"'Lato', sans-serif;","fontWeight":"normal","fontSize":"16px","color":"#000000ff"},"quickButtons":{"backgroundColor":"","justifyContent":"center"},"editDlg":{"shadow":[{"color":"#6666661a","x":"2","y":"2","blur":"3","spread":"3"}],"borderWidth":"1","borderStyle":"solid","borderColor":"#DAD9D9","width":"150","height":"160"},"cancel":{"color":"#ffffffff","paddingTop":"5","borderStyle":"solid","width":"80","height":"35","fontWeight":"normal","paddingRight":"5","fontSize":"14px","fontFamily":"'Lato', sans-serif;","backgroundColor":"rgba(104,190,255, 1)","paddingLeft":"5","borderWidth":"0","paddingBottom":"5","borderRadius":"10"},"thr":{"height":"50"}},"SmartVLoginPage":{"root":{"fontFamily":"'Lato', sans-serif;","fontSize":"","backgroundColor":"rgba(255, 255, 255, 1)","fontWeight":"normal"},"bottomLink":{"fontFamily":"'Lato', sans-serif;","fontSize":"16px","color":"#0091ff","lineHeight":"18","letterSpacing":0,"fontWeight":"normal"},"width":"1367","progress":{"color":"#b74c4cff"},"page":{"fontFamily":"'Lato', sans-serif;","fontSize":"","fontWeight":"normal"},"fieldInput":{"fontFamily":"'Lato', sans-serif;","fontSize":"18px","lineHeight":"22","letterSpacing":0,"fontWeight":"normal"},"bottomText":{"fontFamily":"'Lato', sans-serif;","fontSize":"18px","lineHeight":"22","letterSpacing":0,"color":"rgba(173, 173, 173, 1)","fontWeight":"normal"},"title":{"fontFamily":"'Lato', sans-serif;","fontSize":"46px","letterSpacing":0,"lineHeight":"56","color":"rgba(0, 0, 0, 1)","fontWeight":"normal"},"buttonContinue":{"fontFamily":"'Lato', sans-serif;","fontSize":"","fontWeight":"normal"},"fieldLabel":{"fontFamily":"'Lato', sans-serif;","fontSize":"14px","letterSpacing":0,"lineHeight":"16","color":"rgba(128, 128, 128, 1)","fontWeight":"normal"},"description":{"fontFamily":"'Lato', sans-serif;","fontSize":"16px","lineHeight":"27","letterSpacing":0,"color":"rgba(128, 128, 128, 1)","fontWeight":"normal"}},"SmartVProfilePage":{"root":{"fontFamily":"'Lato', sans-serif;","fontSize":"","fontWeight":"normal"},"title":{"fontFamily":"'Lato', sans-serif;","fontSize":"46px","lineHeight":"56","letterSpacing":0,"fontWeight":"normal"},"description":{"fontFamily":"'Lato', sans-serif;","fontSize":"16px","lineHeight":"24","letterSpacing":0,"fontWeight":"normal"},"fieldLabel":{"fontFamily":"'Lato', sans-serif;","fontSize":"14px","lineHeight":"16","letterSpacing":0,"color":"rgba(128, 128, 128, 1)","fontWeight":"normal"},"fieldInput":{"fontFamily":"'Lato', sans-serif;","fontSize":"18px","lineHeight":"22","letterSpacing":0,"color":"rgba(8, 8, 8, 1)","fontWeight":"normal"},"buttonContinue":{"fontFamily":"'Lato', sans-serif;","fontSize":"18px","lineHeight":"22","letterSpacing":0,"fontWeight":"normal"},"page":{"fontFamily":"'Lato', sans-serif;","fontSize":"","fontWeight":"normal"},"width":"1367"},"ContinualForm":{"root":{"width":"300","height":"200","fontFamily":"'Lato', sans-serif;"},"progressTxt":{"fontFamily":"'Lato', sans-serif;","fontWeight":"normal","fontSize":"12px"},"progress":{"width":"150","height":"10","lineWidth":"6","color":"rgba(0,145,255, 1)","marginRight":"10"},"backIco":{"backgroundColor":""},"nextIco":{"backgroundColor":""},"nextBtn":{"borderStyle":"solid","width":"","height":"","marginRight":"","marginLeft":"3","backgroundColor":"rgba(104,190,255, 1)","borderColor":"#4c4c4cff","marginBottom":"10","borderWidth":"0","borderRadius":"2"},"prevBtn":{"borderColor":"#4c4c4cff","borderWidth":"0","borderStyle":"solid","borderRadius":"2","backgroundColor":"rgba(104,190,255, 1)","marginBottom":"10"},"navPanel":{"marginBottom":"0"}},"Progress":{"root":{"color":"rgba(0,145,255, 1)","lineWidth":"5","width":"50","height":"50"},"label":{"fontFamily":"'Lato', sans-serif;","fontWeight":"normal","fontSize":"14px","color":"#000"},"width":"1367"},"Header":{"root":{"position":"relative","fontFamily":"'Lato', sans-serif;","fontSize":"","backgroundColor":"rgba(192, 225, 250, 1)","background":"","fontWeight":"normal"},"profileIcon":{"fontFamily":"'Lato', sans-serif;","fontSize":"","marginRight":"20","width":"1367","height":"25","marginLeft":"6","fontWeight":"normal"},"profileMenuLink":{"fontFamily":"'Lato', sans-serif;","fontSize":"","fontWeight":"normal"},"profileLink":{"fontFamily":"'Lato', sans-serif;","fontSize":"","marginRight":"","textAlign":"right","fontWeight":"normal"},"width":"1367","profileMenu":{"fontFamily":"'Lato', sans-serif;","fontSize":"","fontWeight":"normal"},"logo":{"fontFamily":"'Lato', sans-serif;","fontSize":"","fontWeight":"normal"},"title":{"fontFamily":"'Lato', sans-serif;","fontSize":"22px","lineHeight":"24","color":"rgba(0, 0, 0, 1)","marginRight":"30","fontWeight":"normal"},"link":{"fontFamily":"'Lato', sans-serif;","fontSize":"","paddingLeft":"10","paddingRight":"10","fontWeight":"normal"},"signInLink":{"fontFamily":"'Lato', sans-serif;","fontSize":"","marginRight":"20","fontWeight":"normal"}},"FileViewer":{"root":{"color":"#000","borderStyle":"solid","width":"200","height":"200","fontWeight":"normal","fontSize":"16px","fontFamily":"'Lato', sans-serif;","borderColor":"#DAD9D9","textAlign":"center","borderWidth":"1"},"width":"1367"},"table":{"col":{"fontFamily":"'Lato', sans-serif;","fontSize":"","paddingTop":"0","paddingBottom":"0","fontWeight":"normal"},"root":{"borderStyle":"solid","width":"300","height":"200","fontWeight":"normal","position":"absolute","widthUnit":"px","heightUnit":"px","fontSize":"","fontFamily":"'Lato', sans-serif;","borderColor":"rgba(218, 217, 217, 1)","minHeight":"unset","borderWidth":"1","minHeightUnit":"%","borderRadius":""},"tra":{"fontFamily":"'Lato', sans-serif;","height":"30","fontSize":"16px","lineHeight":"22","letterSpacing":0,"fontWeight":"normal","textAlign":"left"},"width":"1367","summary":{"borderStyle":"solid","height":"35","fontWeight":"normal","fontSize":"16px","fontFamily":"'Lato', sans-serif;","backgroundColor":"rgba(209, 232, 249, 1)","borderColor":"","paddingLeft":"20","borderWidth":"0","lineHeight":"22","letterSpacing":0,"textDecoration":""},"gbf":{"fontFamily":"'Lato', sans-serif;","fontWeight":"normal","fontSize":"14px","textAlign":"center","lineHeight":"22","letterSpacing":0},"header":{"fontFamily":"'Lato', sans-serif;","fontSize":"30px","lineHeight":"50","letterSpacing":0,"fontWeight":"normal"},"scroll":{"width":"10","scrollBarColor":"rgba(237, 238, 239, 1)","thumbImage":"linear-gradient(90deg, rgb(255, 255, 255) 0%,rgb(164, 204, 228) 0%,rgb(75, 164, 222) 100%)","borderColor":"rgba(224, 224, 224, 1)","borderStyle":"solid","borderRadius":"4","borderWidth":"1","fontWeight":"normal"},"headerDescription":{"fontFamily":"'Lato', sans-serif;","fontSize":"16px","lineHeight":"22","letterSpacing":0,"fontWeight":"normal"},"gbl":{"fontFamily":"'Lato', sans-serif;","fontWeight":"normal","lineHeight":"20","letterSpacing":0,"textAlign":"left","fontSize":"14px"},"button":{"fontFamily":"'Lato', sans-serif;","fontSize":"16px","fontWeight":"normal","lineHeight":"22","letterSpacing":0},"th":{"color":"rgba(255, 255, 255, 1)","borderStyle":"solid","height":"50","fontWeight":"normal","fontSize":"16px","fontFamily":"'Lato', sans-serif;","backgroundColor":"#68beff","textAlign":"left","borderWidth":"0","lineHeight":"30","letterSpacing":0,"borderRadius":"0"},"icon":{"fontFamily":"'Lato', sans-serif;","fontSize":"","fontWeight":"normal"},"row":{"paddingTop":"","height":"40","fontWeight":"normal","fontSize":"16px","fontFamily":"'Lato', sans-serif;","backgroundColor":"rgba(249, 249, 249, 1)","textAlign":"left","lineHeight":"22","paddingBottom":"","letterSpacing":0}},"Typography":{"subhead":{"fontSize":"24px","fontFamily":"'Lato', sans-serif;","color":"rgba(0, 0, 0, 1)","fontWeight":"normal","letterSpacing":0,"lineHeight":"40","backgroundColor":""},"root":{"position":"absolute","fontFamily":"'Lato', sans-serif;","color":"rgba(0, 0, 0, 1)","fontSize":"","backgroundColor":"","fontWeight":"normal"},"width":"1367","caption":{"fontSize":"14px","fontFamily":"'Lato', sans-serif;","color":"rgba(0, 0, 0, 1)","lineHeight":"23","letterSpacing":0,"backgroundColor":"","fontWeight":"normal"},"h1":{"fontSize":"46px","fontFamily":"'Lato', sans-serif;","color":"rgba(0, 0, 0, 1)","fontWeight":"normal","lineHeight":"77","letterSpacing":0,"backgroundColor":""},"text":{"fontFamily":"'Lato', sans-serif;","fontSize":"","fontWeight":"normal"},"p":{"fontSize":"16px","fontFamily":"'Lato', sans-serif;","color":"rgba(0, 0, 0, 1)","lineHeight":"27","letterSpacing":0,"backgroundColor":"","fontWeight":"normal"},"title":{"fontSize":"72px","fontFamily":"'Lato', sans-serif;","color":"rgba(0, 0, 0, 1)","fontWeight":"normal","lineHeight":"120","letterSpacing":0,"backgroundColor":""},"link":{"fontWeight":"normal"}},"Page":{"root":{"overflow":"visible","fontFamily":"'Lato', sans-serif;"},"60a51c6b3439fa7391d2dacb":{"width":"1367"}},"titanForm":{"root":{"position":"absolute","fontFamily":"'Lato', sans-serif;","fontSize":"","fontWeight":"normal"},"width":"1367"},"Drawer":{"hamburgerIcon":{"fontFamily":"'Lato', sans-serif;","fontSize":"","fontWeight":"normal"},"root":{"fontFamily":"'Lato', sans-serif;","fontSize":"","backgroundColor":"rgba(150, 207, 251, 1)","background":"","fontWeight":"normal"},"linkHover":{"backgroundColor":"rgba(192, 225, 250, 1)"},"width":"1367","logo":{"fontFamily":"'Lato', sans-serif;","fontSize":"","fontWeight":"normal"},"closeIcon":{"fontFamily":"'Lato', sans-serif;","fontSize":"","fontWeight":"normal"},"lightbox":{"backgroundColor":"rgba(255, 255, 255, 0.16)","fontWeight":"normal"},"title":{"marginTop":"","fontWeight":"normal","fontSize":"18px","fontFamily":"'Lato', sans-serif;","marginLeft":"10","backgroundColor":"","marginBottom":"10","lineHeight":"22","letterSpacing":0},"icon":{"fontFamily":"'Lato', sans-serif;","fontSize":"20px","fontWeight":"normal"},"link":{"fontFamily":"'Lato', sans-serif;","fontSize":"18px","lineHeight":"22","letterSpacing":0,"marginRight":"10","fontWeight":"normal","color":"rgba(8, 8, 8, 1)"}},"ItemList":{"root":{"position":"absolute","fontFamily":"'Lato', sans-serif;","fontSize":"","fontWeight":"normal"},"Item":{"color":"#ffffffff","paddingTop":"10","height":"","fontWeight":"normal","paddingRight":"20","fontSize":"16px","fontFamily":"'Lato', sans-serif;","backgroundColor":"#68beff","textAlign":"center","paddingLeft":"20","lineHeight":"22","paddingBottom":"10","letterSpacing":0},"ItemHover":{"color":"#000000ff","paddingTop":"10","fontWeight":"normal","paddingRight":"20","fontSize":"16px","fontFamily":"'Lato', sans-serif;","backgroundColor":"#c0e1fa","textAlign":"center","paddingLeft":"20","lineHeight":"22","paddingBottom":"10","letterSpacing":0},"ItemActive":{"color":"#000000ff","paddingTop":"10","fontWeight":"normal","paddingRight":"20","fontSize":"16px","fontFamily":"'Lato', sans-serif;","backgroundColor":"#c0e1fa","textAlign":"center","paddingLeft":"20","lineHeight":"22","paddingBottom":"10","letterSpacing":0},"width":"1367"},"Stepper":{"iconActive":{"fill":"rgba(0,145,255, 1)"},"iconComplete":{"fill":"rgba(0,145,255, 1)"},"btnRoot":{"justifyContent":"center"},"btn":{"color":"#f9f9f9ff","borderStyle":"solid","width":"150","height":"30","fontWeight":"normal","marginRight":"10","fontSize":"14px","fontFamily":"'Lato', sans-serif;","backgroundColor":"rgba(104,190,255, 1)","borderWidth":"0","borderRadius":"6"},"width":"1367","root":{"width":"400","height":"400"},"panelRoot":{"width":"100","height":"80","widthUnit":"%"}},"galleryCarousel":{"root":{"borderStyle":"solid","width":"700","height":"400","fontWeight":"normal","position":"absolute","widthUnit":"px","heightUnit":"px","fontSize":"","fontFamily":"'Lato', sans-serif;","minHeight":"unset","borderWidth":"0","minHeightUnit":"%","borderRadius":"0"},"header":{"fontFamily":"'Lato', sans-serif;","fontSize":"30px","lineHeight":"50","letterSpacing":0,"fontWeight":"normal"},"headerDescription":{"fontFamily":"'Lato', sans-serif;","fontSize":"16px","lineHeight":"22","letterSpacing":0,"fontWeight":"normal"},"original":{"width":"400","height":"336","fontWeight":"normal"},"thumbnail":{"width":"100","height":"100","fontWeight":"normal","borderColor":"rgba(253, 253, 253, 1)","borderStyle":"solid","borderWidth":"3"},"thumbnailActive":{"width":"100","height":"100","fontWeight":"normal","borderColor":"rgba(104, 190, 255, 1)","borderStyle":"solid","borderWidth":"3"},"width":"1367"},"Button":{"root":{"color":"rgba(255, 255, 255, 1)","borderStyle":"solid","width":"180","height":"52","fontWeight":"normal","position":"absolute","fontSize":"","fontFamily":"'Lato', sans-serif;","borderColor":"#0091ff","borderWidth":"1","borderRadius":"26"},"primary":{"color":"rgba(255, 255, 255, 1)","paddingTop":"0","borderStyle":"solid","width":"180","height":"52","fontWeight":"normal","paddingRight":"0","fontSize":"18px","fontFamily":"'Lato', sans-serif;","backgroundColor":"#0091ff","borderColor":"#0091ff","paddingLeft":"0","borderWidth":"1","lineHeight":"30","paddingBottom":"0","letterSpacing":0,"borderRadius":"26"},"width":"1367","secondaryHover":{"color":"rgba(0, 145, 255, 1)","paddingTop":"0","borderStyle":"solid","width":"180","height":"52","fontWeight":"normal","paddingRight":"0","fontSize":"18px","fontFamily":"'Lato', sans-serif;","backgroundColor":"rgba(255, 255, 255, 1)","borderColor":"#0091ff","paddingLeft":"0","borderWidth":"1","lineHeight":"30","paddingBottom":"0","letterSpacing":0,"borderRadius":"26"},"rootActive":{"borderColor":"#0091ff","borderStyle":"solid","width":"180","height":"52","borderWidth":"1","borderRadius":"26"},"primaryActive":{"color":"rgba(255, 255, 255, 1)","paddingTop":"0","borderStyle":"solid","width":"180","height":"52","fontWeight":"normal","paddingRight":"0","fontSize":"18px","fontFamily":"'Lato', sans-serif;","backgroundColor":"#0091ff","borderColor":"#0091ff","paddingLeft":"0","borderWidth":"1","lineHeight":"30","paddingBottom":"0","letterSpacing":0,"borderRadius":"26"},"button":{"fontFamily":"'Lato', sans-serif;","fontSize":"","fontWeight":"normal"},"secondary":{"color":"rgba(0, 145, 255, 1)","paddingTop":"0","borderStyle":"solid","width":"180","height":"52","fontWeight":"normal","paddingRight":"0","fontSize":"18px","fontFamily":"'Lato', sans-serif;","backgroundColor":"rgba(255, 255, 255, 1)","borderColor":"#0091ff","paddingLeft":"0","borderWidth":"1","lineHeight":"30","paddingBottom":"0","letterSpacing":0,"borderRadius":"26"},"primaryHover":{"color":"rgba(255, 255, 255, 1)","paddingTop":"0","borderStyle":"solid","width":"180","height":"52","fontWeight":"normal","paddingRight":"0","fontSize":"18px","fontFamily":"'Lato', sans-serif;","backgroundColor":"#0091ff","borderColor":"#0091ff","paddingLeft":"0","borderWidth":"1","lineHeight":"30","paddingBottom":"0","letterSpacing":0,"borderRadius":"26"},"rootHover":{"borderColor":"#0091ff","borderStyle":"solid","width":"180","height":"52","borderWidth":"1","borderRadius":"26"},"secondaryActive":{"color":"rgba(0, 145, 255, 1)","paddingTop":"0","borderStyle":"solid","width":"180","height":"52","fontWeight":"normal","paddingRight":"0","fontSize":"18px","fontFamily":"'Lato', sans-serif;","backgroundColor":"rgba(255, 255, 255, 1)","borderColor":"#0091ff","paddingLeft":"0","borderWidth":"1","lineHeight":"30","paddingBottom":"0","letterSpacing":0,"borderRadius":"26"}},"lookupModal":{"content":{"backgroundColor":"#ffffffff"},"title":{"backgroundColor":"rgba(104,190,255, 1)"},"bottomText":{"backgroundColor":"rgba(104,190,255, 1)"},"header":{"backgroundColor":"#68beff33","fontFamily":"'Lato', sans-serif;","fontSize":"16px","lineHeight":20,"fontWeight":"bold"},"width":"1367"},"Line":{"root":{"position":"absolute","fontFamily":"'Lato', sans-serif;","borderStyle":"solid","borderWidth":"2","height":"2","fontSize":"","borderColor":"rgba(164, 164, 164, 1)","fontWeight":"normal"},"width":"1367"},"TestimonialsCarousel":{"root":{"width":"500","height":"300"},"image":{"width":"100","height":"100","borderStyle":"solid","borderRadius":"100","borderWidth":"1","borderColor":"#818181ff"},"slide":{"width":"200"}},"SmartVSignUpPage":{"root":{"fontFamily":"'Lato', sans-serif;","fontSize":"","fontWeight":"normal"},"bottomLink":{"fontFamily":"'Lato', sans-serif;","fontSize":"16px","lineHeight":"18","letterSpacing":0,"color":"rgba(0, 145, 255, 1)","fontWeight":"normal"},"width":"1367","page":{"fontFamily":"'Lato', sans-serif;","fontSize":"","fontWeight":"normal"},"fieldInput":{"fontFamily":"'Lato', sans-serif;","fontSize":"18px","lineHeight":"22","letterSpacing":0,"color":"rgba(0, 0, 0, 1)","fontWeight":"normal"},"bottomText":{"fontFamily":"'Lato', sans-serif;","fontSize":"18px","lineHeight":"22","letterSpacing":0,"color":"rgba(173, 173, 173, 1)","fontWeight":"normal"},"title":{"fontFamily":"'Lato', sans-serif;","fontSize":"46px","lineHeight":"56","letterSpacing":0,"color":"rgba(10, 10, 10, 1)","fontWeight":"normal"},"buttonContinue":{"fontFamily":"'Lato', sans-serif;","fontSize":"18px","lineHeight":"22","letterSpacing":0,"fontWeight":"normal"},"fieldLabel":{"fontFamily":"'Lato', sans-serif;","fontSize":"14px","lineHeight":"16","letterSpacing":0,"color":"rgba(128, 128, 128, 1)","fontWeight":"normal"},"description":{"fontFamily":"'Lato', sans-serif;","fontSize":"16px","lineHeight":"27","letterSpacing":0,"color":"rgba(0, 0, 0, 1)","fontWeight":"normal"}},"Tab":{"root":{"color":"#000000ff","borderStyle":"solid","width":"300","height":"200","fontWeight":"normal","fontSize":"16px","fontFamily":"'Lato', sans-serif;","borderColor":"rgba(218, 217, 217, 1)","borderWidth":"1"},"indicator":{"backgroundColor":"rgba(0,145,255, 1)"},"tabBtnSelected":{"color":"rgba(0,145,255, 1)","fontWeight":"bold","fontFamily":"'Lato', sans-serif;","width":"300"},"tabBtnDisabled":{"color":"#00000061","fontFamily":"'Lato', sans-serif;","width":"300"},"tabBtn":{"fontFamily":"'Lato', sans-serif;","width":"300"},"tabBtnHover":{"fontFamily":"'Lato', sans-serif;","width":"300"},"tabBtnActive":{"fontFamily":"'Lato', sans-serif;","width":"300"},"width":"1367"},"PageSearch":{"root":{"textVariant":"outlined","primary":"rgba(0,145,255, 1)","sizeVariant":"small"},"searchIcon":{"fill":"rgba(0,145,255, 1)","width":"40","height":"40"},"input":{"input":{"fontFamily":"'Lato', sans-serif;","fontWeight":"normal","fontSize":"16px"},"text":"#000"},"width":"1367"},"SmartVVerificationPage":{"root":{"fontFamily":"'Lato', sans-serif;","fontSize":"","fontWeight":"normal"},"title":{"fontFamily":"'Lato', sans-serif;","fontSize":"30px","lineHeight":"36","letterSpacing":0,"fontWeight":"normal"},"description":{"fontFamily":"'Lato', sans-serif;","fontSize":"16px","lineHeight":"22","letterSpacing":0,"color":"rgba(128, 128, 128, 1)","fontWeight":"normal"},"fieldInput":{"fontFamily":"'Lato', sans-serif;","fontSize":"18px","lineHeight":"22","letterSpacing":0,"fontWeight":"normal"},"buttonContinue":{"fontFamily":"'Lato', sans-serif;","fontSize":"18px","lineHeight":"22","letterSpacing":0,"fontWeight":"normal"},"bottomLink":{"fontFamily":"'Lato', sans-serif;","fontSize":"18px","lineHeight":"22","letterSpacing":0,"color":"rgba(173, 173, 173, 1)","fontWeight":"normal"},"page":{"fontFamily":"'Lato', sans-serif;","fontSize":"","fontWeight":"normal"},"width":"1367"},"galleryGrid":{"root":{"width":"300","height":"300","fontWeight":"normal","position":"absolute","widthUnit":"px","heightUnit":"px","fontSize":"","fontFamily":"'Lato', sans-serif;","minHeight":"unset","minHeightUnit":"%"},"header":{"fontFamily":"'Lato', sans-serif;","fontSize":"30px","letterSpacing":0,"lineHeight":"50","fontWeight":"normal"},"headerDescription":{"fontFamily":"'Lato', sans-serif;","fontSize":"16px","lineHeight":"22","letterSpacing":0,"fontWeight":"normal"},"width":"1367"},"Strip":{"root":{"height":"auto","minHeight":"600","fontFamily":"'Lato', sans-serif;","shadow":[{"color":"rgba(208, 38, 38, 1)"}],"fontSize":"","fontWeight":"normal","backgroundImage":""},"width":"1367"},"My Widget":{"root":{"fontFamily":"'Lato', sans-serif;","fontSize":"","fontWeight":"normal"},"width":"1367"},"ConfirmationModal":{"root":{"fontFamily":"'Lato', sans-serif;","fontSize":"","fontWeight":"normal"},"title":{"fontFamily":"'Lato', sans-serif;","fontSize":"18px","lineHeight":"22","letterSpacing":0,"color":"rgba(0, 0, 0, 1)","fontWeight":"normal"},"description":{"fontFamily":"'Lato', sans-serif;","fontSize":"14px","lineHeight":"20","letterSpacing":0,"color":"rgba(0, 0, 0, 1)","fontWeight":"normal"},"cancel":{"fontFamily":"'Lato', sans-serif;","fontSize":"16px","lineHeight":"23","letterSpacing":0,"fontWeight":"normal"},"apply":{"fontFamily":"'Lato', sans-serif;","fontSize":"16px","lineHeight":"22","letterSpacing":0,"fontWeight":"normal"},"width":"1367"},"MultiStepper":{"root":{"width":"250","height":"200","borderColor":"rgba(209,209,209, 1)","borderWidth":"1","borderStyle":"solid"},"btnRoot":{"justifyContent":"center"},"btn":{"width":"80","height":"30","marginRight":"10","backgroundColor":"rgba(104,190,255, 1)","color":"#ffffffff","borderWidth":"0","borderStyle":"solid","borderRadius":"6"}},"ExtendedGallery":{"root":{"borderStyle":"solid","width":"330","height":"300","fontWeight":"normal","position":"absolute","backgroundImage":"''","fontSize":"","fontFamily":"'Lato', sans-serif;","backgroundColor":"rgba(255, 255, 255, 1)","borderColor":"rgba(218, 217, 217, 1)","borderWidth":"1"},"userAvatar":{"fontFamily":"'Lato', sans-serif;","fontSize":"","width":"60","height":"60","fontWeight":"normal"},"width":"1367","userPoweredBy":{"fontFamily":"'Lato', sans-serif;","fontSize":"16px","lineHeight":"27","letterSpacing":0,"textAlign":"left","fontWeight":"normal"},"button":{"borderStyle":"solid","fontWeight":"normal","fontSize":"14px","fontFamily":"'Lato', sans-serif;","backgroundColor":"rgba(228, 228, 228, 1)","borderColor":"rgba(183, 180, 180, 1)","borderWidth":"1","lineHeight":"20","letterSpacing":0,"borderRadius":2},"userContainer":{"fontFamily":"'Lato', sans-serif;","fontSize":"","fontWeight":"normal"},"userName":{"fontFamily":"'Lato', sans-serif;","fontSize":"16px","lineHeight":"27","letterSpacing":0,"fontWeight":"normal","textAlign":"left"},"title":{"fontFamily":"'Lato', sans-serif;","fontSize":"30px","lineHeight":"36","letterSpacing":0,"paddingTop":"20","fontWeight":"normal"},"description":{"fontFamily":"'Lato', sans-serif;","fontSize":"18px","lineHeight":"26","letterSpacing":0,"fontWeight":"normal"}},"Link":{"root":{"color":"#0091ffff","paddingTop":"0","borderStyle":"solid","fontWeight":"normal","paddingRight":"0","fontSize":"16px","fontFamily":"'Lato', sans-serif;","backgroundColor":"#ffffff00","paddingLeft":"0","borderWidth":"0","lineHeight":"20","paddingBottom":"0","letterSpacing":0,"textDecoration":"underline"},"aHover":{"color":"#0091ffff","paddingTop":"0","borderStyle":"solid","fontWeight":"normal","paddingRight":"0","fontSize":"16px","fontFamily":"'Lato', sans-serif;","backgroundColor":"#ffffff00","paddingLeft":"0","borderWidth":"0","lineHeight":"20","paddingBottom":"0","letterSpacing":0,"textDecoration":"underline"},"rootHover":{"color":"#0091ffff","paddingTop":"0","borderStyle":"solid","fontWeight":"normal","paddingRight":"0","fontSize":"16px","fontFamily":"'Lato', sans-serif;","backgroundColor":"#ffffff00","paddingLeft":"0","borderWidth":"0","lineHeight":"20","paddingBottom":"0","letterSpacing":0,"textDecoration":"underline"},"aActive":{"color":"#0091ff","paddingTop":"0","borderStyle":"solid","fontWeight":"normal","paddingRight":"0","fontSize":"16px","fontFamily":"'Lato', sans-serif;","backgroundColor":"#ffffff00","paddingLeft":"0","borderWidth":"0","lineHeight":"20","paddingBottom":"0","letterSpacing":0,"textDecoration":"underline"},"rootActive":{"color":"#0091ff","paddingTop":"0","borderStyle":"solid","fontWeight":"normal","paddingRight":"0","fontSize":"16px","fontFamily":"'Lato', sans-serif;","backgroundColor":"#ffffff00","paddingLeft":"0","borderWidth":"0","lineHeight":"20","paddingBottom":"0","letterSpacing":0,"textDecoration":"underline"},"width":"1367"},"Image":{"root":{"position":"absolute","fontFamily":"'Lato', sans-serif;","width":"250","height":"200","fontSize":"","fontWeight":"normal"},"width":"1367"},"Footer":{"root":{"position":"relative","fontFamily":"'Lato', sans-serif;","fontSize":"","fontWeight":"normal"},"width":"1367"},"infoBox":{"root":{"shadow":[{"color":"rgba(0, 0, 0, 0)"}],"borderStyle":"solid","width":"350","height":"160","fontWeight":"normal","position":"absolute","widthUnit":"px","heightUnit":"px","fontSize":"","fontFamily":"'Lato', sans-serif;","backgroundColor":"rgba(255, 255, 255, 1)","borderColor":"rgba(218, 217, 217, 1)","minHeight":"unset","borderWidth":"1","paddingBottom":"","minHeightUnit":"%"},"title":{"fontFamily":"'Lato', sans-serif;","fontSize":"24px","lineHeight":"30","letterSpacing":0,"marginRight":"20","fontWeight":"normal"},"content":{"fontFamily":"'Lato', sans-serif;","fontSize":"36px","color":"rgba(0, 0, 0, 1)","lineHeight":"50","letterSpacing":0,"marginRight":"20","fontWeight":"normal"},"subText":{"color":"rgba(121, 121, 121, 1)","paddingTop":"","fontWeight":"normal","fontSize":"16px","fontFamily":"'Lato', sans-serif;","marginLeft":"20","marginBottom":"10","lineHeight":"30","letterSpacing":0},"icon":{"fill":"#0091ff","paddingTop":"15","width":"100","height":"100","fontWeight":"normal","fontSize":"","fontFamily":"'Lato', sans-serif;","backgroundColor":"","paddingBottom":"15"},"divider":{"backgroundColor":"rgba(216, 216, 216, 1)","paddingLeft":"","marginLeft":"10","marginRight":"10","fontWeight":"normal"},"width":"1367"},"list":{"col":{"fontFamily":"'Lato', sans-serif;","fontSize":"16px","paddingTop":"","paddingBottom":"","fontWeight":"normal"},"headCol":{"fontSize":"16px","color":"rgba(253, 253, 253, 1)","fontFamily":"'Lato', sans-serif;","fontWeight":"normal","lineHeight":"22","letterSpacing":0},"root":{"shadow":[{"color":"rgba(0, 0, 0, 0)"}],"borderStyle":"solid","width":"300","height":"200","fontWeight":"normal","position":"absolute","widthUnit":"px","heightUnit":"px","fontSize":"","fontFamily":"'Lato', sans-serif;","borderColor":"rgba(218, 217, 217, 1)","minHeight":"unset","borderWidth":"1","minHeightUnit":"%","borderRadius":"0"},"grouping":{"fontFamily":"'Lato', sans-serif;","fontSize":"","fontWeight":"normal"},"width":"1367","colSelection":{"fontFamily":"'Lato', sans-serif;","fontSize":"","fontWeight":"normal"},"header":{"fontFamily":"'Lato', sans-serif;","fontSize":"30px","lineHeight":"50","letterSpacing":0,"fontWeight":"normal"},"scroll":{"borderStyle":"solid","thumbImage":"linear-gradient(90deg, rgb(164, 204, 228) 25.3%,rgb(75, 164, 222) 92.4%)","width":"10","fontWeight":"normal","thumbColor":"","borderColor":"rgba(224, 224, 224, 1)","borderWidth":"1","scrollBarColor":"rgba(237, 238, 239, 1)","borderRadius":"4"},"activeTab":{"fontFamily":"'Lato', sans-serif;","fontSize":"","backgroundColor":"rgba(209, 232, 249, 1)","fontWeight":"normal"},"headerDescription":{"fontFamily":"'Lato', sans-serif;","fontSize":"16px","lineHeight":"22","letterSpacing":0,"fontWeight":"normal"},"tab":{"fontFamily":"'Lato', sans-serif;","fontSize":"","fontWeight":"normal"},"row":{"fontFamily":"'Lato', sans-serif;","fontSize":"16px","height":"40","lineHeight":"22","letterSpacing":0,"fontWeight":"normal"},"headRow":{"fontFamily":"'Lato', sans-serif;","backgroundColor":"#68beff","fontSize":"18px","letterSpacing":0,"lineHeight":"38","height":"50","fontWeight":"normal"}},"EComProdCtrl":{"addToCartBtn":{"width":"150"},"quantBtn":{"fontFamily":"'Lato', sans-serif;","width":""},"width":"1367","quantInp":{"width":"10"},"slideSmallImg":{"width":"100","height":"100"},"slideSmallImgRoot":{"width":"100","height":"100"}},"chart":{"root":{"shadow":[{"color":"rgba(0, 0, 0, 0.2)"}],"borderStyle":"solid","width":"300","height":"200","fontWeight":"normal","position":"absolute","widthUnit":"px","paddingRight":"10","heightUnit":"px","fontSize":"","fontFamily":"'Lato', sans-serif;","borderColor":"rgba(218, 217, 217, 1)","paddingLeft":"10","minHeight":"unset","borderWidth":"1","minHeightUnit":"%"},"header":{"fontFamily":"'Lato', sans-serif;","fontSize":"30px","lineHeight":"50","letterSpacing":0,"fontWeight":"normal"},"headerDescription":{"fontFamily":"'Lato', sans-serif;","fontSize":"16px","lineHeight":"22","letterSpacing":0,"fontWeight":"normal"},"no-data":{"fontFamily":"'Lato', sans-serif;","fontSize":"18px","fontWeight":"normal","lineHeight":"24","letterSpacing":0},"axisX":{"fontFamily":"'Lato', sans-serif;","fontSize":"12px","lineHeight":"16","letterSpacing":0,"fontWeight":"normal"},"axisY":{"fontFamily":"'Lato', sans-serif;","fontSize":"12px","fontWeight":"normal","lineHeight":"16","letterSpacing":0},"chartColor":{"fontFamily":"'Lato', sans-serif;","chartColor":"#259ffb;#68beff;#9ad3ff;#b3deff;#b3deff;#087ed7","fontSize":"","fontWeight":"normal"},"width":"1367"}},"primaryContrastColor":"#ffffff"},"recentColors":["#e05a5aff","#e9ef79ff"],"Header":{"enable":true,"Menu":[{"Type":"PAGE","href":"p2","id":"10b94475-615a-413d-8237-ed51ed9034bd","Text":"Home"},{"Type":"PAGE","href":"p9","id":"6d1cdc00-a0c4-49d1-9395-b1e502972d56","Text":"Page 2"}]},"RepeatedStripsID":[],"lastID":78,"isEnabledVersions":true,"customFonts":[{"value":"'Lato', sans-serif;","label":"Lato"},{"value":"'Archivo Narrow', sans-serif;","label":"Archivo Narrow"},{"value":"'Archivo', sans-serif;","label":"Archivo"}],"pushToSalesforce":{"enabled":true,"isWidget":true,"list":[{"sobjectLabel":"Account","multiMatchs":"first","showLoadingMessage":true,"loadingMessage":" ","uid":"8435261e-cb79-4a84-b835-f8d8ce05df1b","sobject":"Account","isChild":false,"updateCondition":[],"childrens":[],"bulkMode":false,"action":"create","isPushItem":true,"customSkipMessage":"Skipped ...","limits":"","anyMatch":"skip","isSFGetIntegration":false,"gridFields":{"Name":"view:p2##p2:e76"},"comment":""}]},"ui":{"useAnimations":true},"elements":{"Footer":{"type":"Strip","props":{"styleRef":"Footer","sm":{"tabs":[],"position":{}}},"children":[]}},"sfMapping":{"enabled":true,"isWidget":true,"list":[{"elemUID":"e78","sobjectLabel":"Account","loadPickList":false,"multiMatchs":"all","showLoadingMessage":true,"loadingMessage":" ","uid":"9abbab53-00c3-4e08-a25c-cea85472f8d8","processOnCustomButton":true,"sobject":"Account","isChild":false,"updateCondition":[{"conditions":[]}],"childrens":[],"processOnload":false,"customSkipMessage":"Skipped ...","limits":20,"anyMatch":"skip","source":"","isSFGetIntegration":true,"gridFields":{"chartWidget:e78#-#p2:e78:x":"NumberOfEmployees","chartWidget:e78#-#p2:e78:y":"Type"},"comment":"chart - e78"}]},"versionsSettings":{"isUseGit":true,"repo":"amy-forms.txt","branch":"zii"}},"Pages":[{"name":"Home","isHome":true,"_id":"60a514763439fa7391d2dabc","url":"ftec90adb243744a37beb25ddeefd26151","uid":"p2","action":[{"uid":"7170de7c-bfb7-4d91-a2e6-206eae2433aa","conditions":[],"isAction":false,"actions":{"sfAction":[{"items":[{"label":"Account (get) ","order":"","value":"9abbab53-00c3-4e08-a25c-cea85472f8d8"}]}]},"name":"Automatically created for chart - e78"}]},{"_id":"60a51c6b3439fa7391d2dacb","uid":"p9","name":"Page 2","url":"ft2781b1de3d954961943ff2d966abfa3c"}],"URL":"ft9c9b9c97ca3c4cc59c904d5d8480f557","UserID":235848,"CreatedAt":"2021-05-19T13:36:55.167Z","PublishPages":[{"name":"Home","isHome":true,"_id":"60a514763439fa7391d2dabc","url":"ftec90adb243744a37beb25ddeefd26151","uid":"p2"},{"_id":"60a51c6b3439fa7391d2dacb","uid":"p9","name":"Page 2","url":"ft2781b1de3d954961943ff2d966abfa3c"}],"__v":4,"UpdatedAt":"2021-05-19T14:58:16.735Z","PublishSettings":{"styles":{"Header":{"type":"Header"},"Footer":{"type":"Footer"},"Drawer":{"type":"Drawer"},"SmartVVerificationPage":{"type":"SmartVVerificationPage"},"SmartVLoginPage":{"type":"SmartVLoginPage"},"SmartVSignUpPage":{"type":"SmartVSignUpPage"}},"theme":{"primary":"rgba(104,190,255, 1)","color":"#000","page404":{"elements":{"f0f25d44-e2f5-4422-b0ff-9e7d04b27d23":{"type":"Strip","props":{"styleRef":"f0f25d44-e2f5-4422-b0ff-9e7d04b27d23"},"children":["4b2424a1-4503-4178-bab7-e6a2006bd72b"],"parent":null},"4b2424a1-4503-4178-bab7-e6a2006bd72b":{"type":"Image","props":{"lg":{"src":"https://d3255hq6rclyj1.cloudfront.net/5fb4d90832a3003d6cde2e7d_ftusergal_.png","alt":"","gridArea":"Col1","position":{"left":222,"top":77,"leftUnit":"px","topUnit":"px","right":"","bottom":"","transform":""}},"styleRef":"4b2424a1-4503-4178-bab7-e6a2006bd72b"},"children":[],"parent":"f0f25d44-e2f5-4422-b0ff-9e7d04b27d23"}},"Grid":["f0f25d44-e2f5-4422-b0ff-9e7d04b27d23"],"styles":{"f0f25d44-e2f5-4422-b0ff-9e7d04b27d23":{"type":"Strip","lg":{"columns":1,"rows":1,"areas":[["Col1"]],"root":{"minHeight":647},"row0":647,"row0Unit":"px"}},"4b2424a1-4503-4178-bab7-e6a2006bd72b":{"lg":{"root":{"height":467}},"type":"Image","isHidden":{"lg":false}}}},"fontFamily":"'Lato', sans-serif;","secondary":"rgba(0,145,255, 1)","backgroundColor":"rgba(209,209,209, 1)","FormField":{"all":{"filled":"#cee7f9ff","primary":"#0091FF","success":"#1dde8cff","error":"#e42e5dff","input":{"fontFamily":"'Lato', sans-serif;","fontWeight":"normal","fontSize":"16px","width":"1367"},"text":"#0a0a0aff","labelColor":"#000000ff","label":{"fontFamily":"'Lato', sans-serif;","fontWeight":"normal","fontSize":"16px","width":"1367"},"textVariant":"standard","labelColorShrink":"#000000ff","errorMsg":{"fontFamily":"'Lato', sans-serif;","fontWeight":"normal","fontSize":"16px","width":"1367"},"labelShrink":{"fontFamily":"'Lato', sans-serif;","fontWeight":"normal","fontSize":"14px"}},"upload":{"icon":"rgba(0,145,255, 1)","primary":"","label":{"fontFamily":"'Lato', sans-serif;","fontWeight":"normal","fontSize":"18px","width":"1367"},"labelColor":"#000000ff","input":{"fontFamily":"'Lato', sans-serif;","fontWeight":"normal","fontSize":"18px","width":"1367"},"text":"#000000ff","errorMsg":{"width":"1367"}},"buttongroup":{"primaryActive":"rgba(104,190,255, 1)","filledBtnColor":"rgba(104,190,255, 1)","input":{"fontFamily":"'Lato', sans-serif;","fontWeight":"normal","fontSize":"16px","width":"1367"},"text":"#ffffffff","labelColor":"","filledBtnColorActive":"","label":{"width":"1367"},"errorMsg":{"width":"1367"},"primaryHover":"rgba(104,190,255, 1)","primarySelected":"rgba(104,190,255, 1)"},"multiSelect":{"chipFill":"rgba(0,145,255, 1)","chipIconColor":"#ffffffff","inputItem":{"fontFamily":"'Lato', sans-serif;","fontWeight":"normal","fontSize":"14px"},"textItem":"#ffffffff","input":{"width":"1367"},"label":{"width":"1367"},"errorMsg":{"width":"1367"}},"signature":{"borderColor":"rgba(209,209,209, 1)","borderWidth":"1","input":{"width":"1367"},"label":{"width":"1367"},"errorMsg":{"width":"1367"}}},"_id":"5fb1705527e5af269ee3f3b5","Type":"ThemeTemplate","lg":{"SmartVLoginForm":{"progress":{"color":"#de5b5bff"}},"CarouselContainer":{"root":{"width":"300","height":"200"},"pointRoot":{"paddingBottom":"10"},"pointItemSel":{"backgroundColor":"#000000ff"}},"TwoSideSection":{"root":{"width":"300","height":"200","borderWidth":"1","borderStyle":"solid","borderColor":"rgba(209,209,209, 1)"}},"YouTube":{"root":{"position":"absolute","fontFamily":"'Lato', sans-serif;","fontSize":"","fontWeight":"normal","width":"300","height":"180"},"width":"1367"},"TreeView":{"root":{"variant":"basic","width":"300","height":"200"},"icon":{"width":"20","height":"20","fill":"rgba(0,145,255, 1)"},"itemSelected":{"backgroundColor":"#d1e8f9"},"header":{"backgroundColor":""},"ctrlIcon":{"fill":"#060606ff","width":"1367","stroke":"#000000ff"},"width":"1367"},"Badge":{"icon":{"height":"30","width":"30"},"badge":{"color":"#ffffffff","borderStyle":"solid","width":"25","marginTop":"","height":"25","marginRight":"","fontSize":"14px","backgroundColor":"rgba(0,145,255, 1)","borderColor":"rgba(0,145,255, 1)","borderWidth":"0","borderRadius":"25"},"width":"1367"},"form":{"successMsgRoot":{"fontFamily":"'Lato', sans-serif;","fontSize":"","fontWeight":"normal"},"root":{"borderStyle":"solid","width":"1367","height":"200","fontWeight":"normal","position":"absolute","widthUnit":"px","heightUnit":"px","fontSize":"","fontFamily":"'Lato', sans-serif;","borderColor":"rgba(218, 217, 217, 1)","minHeight":"unset","borderWidth":"1","minHeightUnit":"%"},"errorMsgText":{"fontFamily":"'Lato', sans-serif;","fontSize":"14px","lineHeight":"18","letterSpacing":0,"fontWeight":"normal"},"width":"1367","errorMsgButton":{"fontFamily":"'Lato', sans-serif;","fontSize":"16px","lineHeight":"22","letterSpacing":0,"fontWeight":"normal"},"successMsgText":{"fontFamily":"'Lato', sans-serif;","fontSize":"14px","lineHeight":"18","letterSpacing":0,"fontWeight":"normal"},"header":{"fontFamily":"'Lato', sans-serif;","fontSize":"30px","lineHeight":"50","letterSpacing":0,"fontWeight":"normal"},"scroll":{"width":"1367","scrollBarColor":"rgba(237, 238, 239, 1)","thumbImage":"linear-gradient(90deg, rgb(164, 204, 228) 0%,rgb(75, 164, 222) 100%)","borderColor":"rgba(224, 224, 224, 1)","borderStyle":"solid","borderRadius":"4","fontWeight":"normal"},"headerDescription":{"fontFamily":"'Lato', sans-serif;","fontSize":"16px","lineHeight":"22","letterSpacing":0,"fontWeight":"normal"},"successMsgButton":{"fontFamily":"'Lato', sans-serif;","fontSize":"16px","lineHeight":"22","letterSpacing":0,"fontWeight":"normal"},"errorMsgicon":{"fontFamily":"'Lato', sans-serif;","fontSize":"","fontWeight":"normal"},"button":{"borderStyle":"solid","width":"1367","marginTop":"10","height":"40","fontWeight":"normal","fontSize":"16px","fontFamily":"'Lato', sans-serif;","backgroundColor":"#0091ff","borderWidth":"0","lineHeight":"22","letterSpacing":0,"borderRadius":"20"},"errorMsgIconRoot":{"fontFamily":"'Lato', sans-serif;","fontSize":"","fontWeight":"normal"},"label":{"fontFamily":"'Lato', sans-serif;","fontSize":"16px","lineHeight":"18","letterSpacing":0,"fontWeight":"normal"},"successMsgicon":{"fontFamily":"'Lato', sans-serif;","fontSize":"","fontWeight":"normal"},"floatLabel":{"fontFamily":"'Lato', sans-serif;","fontSize":"16px","lineHeight":"18","letterSpacing":0,"fontWeight":"normal"},"successMsgIconRoot":{"fontFamily":"'Lato', sans-serif;","fontSize":"","fontWeight":"normal"},"successMsgTitle":{"fontFamily":"'Lato', sans-serif;","fontSize":"18px","lineHeight":"23","letterSpacing":0,"fontWeight":"normal"},"errorMsgRoot":{"fontFamily":"'Lato', sans-serif;","fontSize":"","fontWeight":"normal"},"element":{"fontFamily":"'Lato', sans-serif;","fontSize":"16px","lineHeight":"20","letterSpacing":0,"fontWeight":"normal"},"errorMsgTitle":{"fontFamily":"'Lato', sans-serif;","fontSize":"18px","lineHeight":"23","letterSpacing":0,"fontWeight":"normal"}},"Form":{"root":{"width":"300","height":"200"},"submitBtn":{"color":"#ffffffff","borderStyle":"solid","width":"80","height":"30","fontWeight":"normal","fontSize":"16px","fontFamily":"'Lato', sans-serif;","backgroundColor":"rgba(104,190,255, 1)","borderWidth":"0","borderRadius":10},"submitBtnHover":{"backgroundColor":"rgba(104,190,255, 1)","fontFamily":"'Lato', sans-serif;","fontWeight":"normal","fontSize":"16px","color":"#ffffffff"},"submitBtnActive":{"backgroundColor":"rgba(104,190,255, 1)","fontFamily":"'Lato', sans-serif;","fontWeight":"normal","fontSize":"16px","color":"#ffffffff"}},"Vimeo":{"root":{"position":"absolute","fontFamily":"'Lato', sans-serif;","fontSize":"","fontWeight":"normal","width":"300","height":"180"},"width":"1367"},"Svg":{"root":{"fill":"rgba(185, 184, 184, 1)","width":"50","height":"50","fontWeight":"normal","position":"absolute","strokeWidth":"2","fontSize":"","fontFamily":"'Lato', sans-serif;","stroke":"rgba(0, 145, 255, 1)"},"element":{"fontFamily":"'Lato', sans-serif;","fontSize":"","fontWeight":"normal"},"shape":{"fontFamily":"'Lato', sans-serif;","fill":"rgba(255, 249, 249, 1)","stroke":"#0091ff","strokeWidth":"2","width":"50","height":"50","fontSize":"","fontWeight":"normal"},"icon":{"fontFamily":"'Lato', sans-serif;","fill":"rgba(0, 145, 255, 1)","stroke":"","strokeWidth":"","width":"50","height":"50","fontSize":"","fontWeight":"normal"},"width":"1367"},"Widget":{"root":{"position":"absolute","width":"1367","widthUnit":"%","minHeight":"unset","minHeightUnit":"%","height":"100","heightUnit":"%"},"width":"1367"},"iframe":{"root":{"borderStyle":"solid","width":"200","height":"200","position":"absolute","widthUnit":"px","heightUnit":"px","borderColor":"rgba(201, 201, 201, 1)","minHeight":"unset","borderWidth":"1","minHeightUnit":"%"},"width":"1367"},"CustomLoader":{"loader":{"backgroundImage":"https://d34n0xw2ofs24w.cloudfront.net/animationpreloaders/animation_25.gif","height":"100","width":"1367"},"width":"1367"},"Section":{"root":{"borderStyle":"dashed","width":"200","height":"200","fontWeight":"normal","position":"absolute","fontSize":"","fontFamily":"'Lato', sans-serif;","borderColor":"rgba(201, 201, 201, 1)","borderWidth":"2"},"width":"1367"},"EComBadge":{"icon":{"width":"30","height":"30"},"badge":{"backgroundColor":"rgba(0,145,255, 1)","color":"#ffffffff","fontSize":"14px","width":"25","height":"25","borderStyle":"solid","borderRadius":"25","borderWidth":"0"},"width":"1367"},"Accordion":{"acrdPanel":{"backgroundColor":"#9ad3ff"},"acrdTitle":{"fontFamily":"'Lato', sans-serif;","fontWeight":"normal","fontSize":"16px","color":"#000"},"width":"1367","root":{"width":"300","height":"300"}},"Search":{"root":{"shadow":[],"borderStyle":"solid","width":"1367","height":"32","fontWeight":"normal","position":"absolute","fontSize":"16px","fontFamily":"'Lato', sans-serif;","backgroundColor":"rgba(255, 255, 255, 1)","borderColor":"rgba(185, 184, 184, 1)","textAlign":"left","paddingLeft":"15","borderWidth":"1","lineHeight":"27","letterSpacing":0,"borderRadius":"16"},"width":"1367"},"Stack":{"root":{"borderStyle":"dashed","width":"200","height":"200","fontWeight":"normal","position":"absolute","fontSize":"","fontFamily":"'Lato', sans-serif;","borderColor":"rgba(201, 201, 201, 1)","borderWidth":"2"},"width":"1367"},"PowerTable":{"thr-0":{"backgroundColor":"#bebfbfff","fontFamily":"'Lato', sans-serif;","fontWeight":"normal","fontSize":"16px","color":"#ffffffff"},"root":{"color":"#060000ff","borderStyle":"solid","width":"400","height":"300","fontWeight":"normal","fontSize":"18px","fontFamily":"'Lato', sans-serif;","borderColor":"#DAD9D9","borderWidth":"1"},"thr-1":{"fontFamily":"'Lato', sans-serif;","fontWeight":"normal","fontSize":"16px","color":"#ffffffff","backgroundColor":"#68beff"},"thr-2":{"backgroundColor":"#cae5f9","fontFamily":"'Lato', sans-serif;","fontSize":"16px","fontWeight":"normal","color":"#666666ff"},"thr-3":{"backgroundColor":"#a7cae4","fontFamily":"'Lato', sans-serif;","fontWeight":"normal","fontSize":"16px","color":"#666666ff"},"thr-4":{"fontFamily":"'Lato', sans-serif;","fontWeight":"normal","fontSize":"16px","color":"#666666ff","backgroundColor":"#9ad3ff"},"width":"1367","thr-5":{"backgroundColor":"#cfe2ef","fontFamily":"'Lato', sans-serif;","fontWeight":"normal","fontSize":"16px"},"qSubmit":{"color":"#ffffffff","borderStyle":"solid","width":"80","height":"35","fontWeight":"normal","fontSize":"16px","fontFamily":"'Lato', sans-serif;","backgroundColor":"rgba(104,190,255, 1)","marginBottom":"10","borderWidth":"0","borderRadius":"10"},"progress":{"color":"rgba(104,190,255, 1)","lineWidth":"0"},"scroll":{"width":"10","scrollBarImage":"linear-gradient(90deg, rgb(199, 199, 199) 0%,rgb(0, 0, 0) 100%)","thumbImage":"linear-gradient(90deg, rgb(164, 204, 228) 0%,rgb(75, 164, 222) 100%)","scrollBarColor":"rgba(209,209,209, 1)"},"qDiscard":{"color":"#ffffffff","borderStyle":"solid","width":"80","height":"35","fontWeight":"normal","fontSize":"16px","fontFamily":"'Lato', sans-serif;","marginLeft":"10","backgroundColor":"rgba(104,190,255, 1)","marginBottom":"10","borderWidth":"0","borderRadius":"10"},"apply":{"color":"#fdfdfdff","paddingTop":"5","borderStyle":"solid","width":"80","height":"35","fontWeight":"normal","paddingRight":"5","fontSize":"14px","fontFamily":"'Lato', sans-serif;","backgroundColor":"rgba(104,190,255, 1)","paddingLeft":"5","borderWidth":"0","paddingBottom":"5","borderRadius":"10"},"td":{"fontFamily":"'Lato', sans-serif;","fontWeight":"normal","fontSize":"16px","color":"#000000ff"},"quickButtons":{"backgroundColor":"","justifyContent":"center"},"editDlg":{"shadow":[{"color":"#6666661a","x":"2","y":"2","blur":"3","spread":"3"}],"borderWidth":"1","borderStyle":"solid","borderColor":"#DAD9D9","width":"150","height":"160"},"cancel":{"color":"#ffffffff","paddingTop":"5","borderStyle":"solid","width":"80","height":"35","fontWeight":"normal","paddingRight":"5","fontSize":"14px","fontFamily":"'Lato', sans-serif;","backgroundColor":"rgba(104,190,255, 1)","paddingLeft":"5","borderWidth":"0","paddingBottom":"5","borderRadius":"10"},"thr":{"height":"50"}},"SmartVLoginPage":{"root":{"fontFamily":"'Lato', sans-serif;","fontSize":"","backgroundColor":"rgba(255, 255, 255, 1)","fontWeight":"normal"},"bottomLink":{"fontFamily":"'Lato', sans-serif;","fontSize":"16px","color":"#0091ff","lineHeight":"18","letterSpacing":0,"fontWeight":"normal"},"width":"1367","progress":{"color":"#b74c4cff"},"page":{"fontFamily":"'Lato', sans-serif;","fontSize":"","fontWeight":"normal"},"fieldInput":{"fontFamily":"'Lato', sans-serif;","fontSize":"18px","lineHeight":"22","letterSpacing":0,"fontWeight":"normal"},"bottomText":{"fontFamily":"'Lato', sans-serif;","fontSize":"18px","lineHeight":"22","letterSpacing":0,"color":"rgba(173, 173, 173, 1)","fontWeight":"normal"},"title":{"fontFamily":"'Lato', sans-serif;","fontSize":"46px","letterSpacing":0,"lineHeight":"56","color":"rgba(0, 0, 0, 1)","fontWeight":"normal"},"buttonContinue":{"fontFamily":"'Lato', sans-serif;","fontSize":"","fontWeight":"normal"},"fieldLabel":{"fontFamily":"'Lato', sans-serif;","fontSize":"14px","letterSpacing":0,"lineHeight":"16","color":"rgba(128, 128, 128, 1)","fontWeight":"normal"},"description":{"fontFamily":"'Lato', sans-serif;","fontSize":"16px","lineHeight":"27","letterSpacing":0,"color":"rgba(128, 128, 128, 1)","fontWeight":"normal"}},"SmartVProfilePage":{"root":{"fontFamily":"'Lato', sans-serif;","fontSize":"","fontWeight":"normal"},"title":{"fontFamily":"'Lato', sans-serif;","fontSize":"46px","lineHeight":"56","letterSpacing":0,"fontWeight":"normal"},"description":{"fontFamily":"'Lato', sans-serif;","fontSize":"16px","lineHeight":"24","letterSpacing":0,"fontWeight":"normal"},"fieldLabel":{"fontFamily":"'Lato', sans-serif;","fontSize":"14px","lineHeight":"16","letterSpacing":0,"color":"rgba(128, 128, 128, 1)","fontWeight":"normal"},"fieldInput":{"fontFamily":"'Lato', sans-serif;","fontSize":"18px","lineHeight":"22","letterSpacing":0,"color":"rgba(8, 8, 8, 1)","fontWeight":"normal"},"buttonContinue":{"fontFamily":"'Lato', sans-serif;","fontSize":"18px","lineHeight":"22","letterSpacing":0,"fontWeight":"normal"},"page":{"fontFamily":"'Lato', sans-serif;","fontSize":"","fontWeight":"normal"},"width":"1367"},"ContinualForm":{"root":{"width":"300","height":"200","fontFamily":"'Lato', sans-serif;"},"progressTxt":{"fontFamily":"'Lato', sans-serif;","fontWeight":"normal","fontSize":"12px"},"progress":{"width":"150","height":"10","lineWidth":"6","color":"rgba(0,145,255, 1)","marginRight":"10"},"backIco":{"backgroundColor":""},"nextIco":{"backgroundColor":""},"nextBtn":{"borderStyle":"solid","width":"","height":"","marginRight":"","marginLeft":"3","backgroundColor":"rgba(104,190,255, 1)","borderColor":"#4c4c4cff","marginBottom":"10","borderWidth":"0","borderRadius":"2"},"prevBtn":{"borderColor":"#4c4c4cff","borderWidth":"0","borderStyle":"solid","borderRadius":"2","backgroundColor":"rgba(104,190,255, 1)","marginBottom":"10"},"navPanel":{"marginBottom":"0"}},"Progress":{"root":{"color":"rgba(0,145,255, 1)","lineWidth":"5","width":"50","height":"50"},"label":{"fontFamily":"'Lato', sans-serif;","fontWeight":"normal","fontSize":"14px","color":"#000"},"width":"1367"},"Header":{"root":{"position":"relative","fontFamily":"'Lato', sans-serif;","fontSize":"","backgroundColor":"rgba(192, 225, 250, 1)","background":"","fontWeight":"normal"},"profileIcon":{"fontFamily":"'Lato', sans-serif;","fontSize":"","marginRight":"20","width":"1367","height":"25","marginLeft":"6","fontWeight":"normal"},"profileMenuLink":{"fontFamily":"'Lato', sans-serif;","fontSize":"","fontWeight":"normal"},"profileLink":{"fontFamily":"'Lato', sans-serif;","fontSize":"","marginRight":"","textAlign":"right","fontWeight":"normal"},"width":"1367","profileMenu":{"fontFamily":"'Lato', sans-serif;","fontSize":"","fontWeight":"normal"},"logo":{"fontFamily":"'Lato', sans-serif;","fontSize":"","fontWeight":"normal"},"title":{"fontFamily":"'Lato', sans-serif;","fontSize":"22px","lineHeight":"24","color":"rgba(0, 0, 0, 1)","marginRight":"30","fontWeight":"normal"},"link":{"fontFamily":"'Lato', sans-serif;","fontSize":"","paddingLeft":"10","paddingRight":"10","fontWeight":"normal"},"signInLink":{"fontFamily":"'Lato', sans-serif;","fontSize":"","marginRight":"20","fontWeight":"normal"}},"FileViewer":{"root":{"color":"#000","borderStyle":"solid","width":"200","height":"200","fontWeight":"normal","fontSize":"16px","fontFamily":"'Lato', sans-serif;","borderColor":"#DAD9D9","textAlign":"center","borderWidth":"1"},"width":"1367"},"table":{"col":{"fontFamily":"'Lato', sans-serif;","fontSize":"","paddingTop":"0","paddingBottom":"0","fontWeight":"normal"},"root":{"borderStyle":"solid","width":"300","height":"200","fontWeight":"normal","position":"absolute","widthUnit":"px","heightUnit":"px","fontSize":"","fontFamily":"'Lato', sans-serif;","borderColor":"rgba(218, 217, 217, 1)","minHeight":"unset","borderWidth":"1","minHeightUnit":"%","borderRadius":""},"tra":{"fontFamily":"'Lato', sans-serif;","height":"30","fontSize":"16px","lineHeight":"22","letterSpacing":0,"fontWeight":"normal","textAlign":"left"},"width":"1367","summary":{"borderStyle":"solid","height":"35","fontWeight":"normal","fontSize":"16px","fontFamily":"'Lato', sans-serif;","backgroundColor":"rgba(209, 232, 249, 1)","borderColor":"","paddingLeft":"20","borderWidth":"0","lineHeight":"22","letterSpacing":0,"textDecoration":""},"gbf":{"fontFamily":"'Lato', sans-serif;","fontWeight":"normal","fontSize":"14px","textAlign":"center","lineHeight":"22","letterSpacing":0},"header":{"fontFamily":"'Lato', sans-serif;","fontSize":"30px","lineHeight":"50","letterSpacing":0,"fontWeight":"normal"},"scroll":{"width":"10","scrollBarColor":"rgba(237, 238, 239, 1)","thumbImage":"linear-gradient(90deg, rgb(255, 255, 255) 0%,rgb(164, 204, 228) 0%,rgb(75, 164, 222) 100%)","borderColor":"rgba(224, 224, 224, 1)","borderStyle":"solid","borderRadius":"4","borderWidth":"1","fontWeight":"normal"},"headerDescription":{"fontFamily":"'Lato', sans-serif;","fontSize":"16px","lineHeight":"22","letterSpacing":0,"fontWeight":"normal"},"gbl":{"fontFamily":"'Lato', sans-serif;","fontWeight":"normal","lineHeight":"20","letterSpacing":0,"textAlign":"left","fontSize":"14px"},"button":{"fontFamily":"'Lato', sans-serif;","fontSize":"16px","fontWeight":"normal","lineHeight":"22","letterSpacing":0},"th":{"color":"rgba(255, 255, 255, 1)","borderStyle":"solid","height":"50","fontWeight":"normal","fontSize":"16px","fontFamily":"'Lato', sans-serif;","backgroundColor":"#68beff","textAlign":"left","borderWidth":"0","lineHeight":"30","letterSpacing":0,"borderRadius":"0"},"icon":{"fontFamily":"'Lato', sans-serif;","fontSize":"","fontWeight":"normal"},"row":{"paddingTop":"","height":"40","fontWeight":"normal","fontSize":"16px","fontFamily":"'Lato', sans-serif;","backgroundColor":"rgba(249, 249, 249, 1)","textAlign":"left","lineHeight":"22","paddingBottom":"","letterSpacing":0}},"Typography":{"subhead":{"fontSize":"24px","fontFamily":"'Lato', sans-serif;","color":"rgba(0, 0, 0, 1)","fontWeight":"normal","letterSpacing":0,"lineHeight":"40","backgroundColor":""},"root":{"position":"absolute","fontFamily":"'Lato', sans-serif;","color":"rgba(0, 0, 0, 1)","fontSize":"","backgroundColor":"","fontWeight":"normal"},"width":"1367","caption":{"fontSize":"14px","fontFamily":"'Lato', sans-serif;","color":"rgba(0, 0, 0, 1)","lineHeight":"23","letterSpacing":0,"backgroundColor":"","fontWeight":"normal"},"h1":{"fontSize":"46px","fontFamily":"'Lato', sans-serif;","color":"rgba(0, 0, 0, 1)","fontWeight":"normal","lineHeight":"77","letterSpacing":0,"backgroundColor":""},"text":{"fontFamily":"'Lato', sans-serif;","fontSize":"","fontWeight":"normal"},"p":{"fontSize":"16px","fontFamily":"'Lato', sans-serif;","color":"rgba(0, 0, 0, 1)","lineHeight":"27","letterSpacing":0,"backgroundColor":"","fontWeight":"normal"},"title":{"fontSize":"72px","fontFamily":"'Lato', sans-serif;","color":"rgba(0, 0, 0, 1)","fontWeight":"normal","lineHeight":"120","letterSpacing":0,"backgroundColor":""},"link":{"fontWeight":"normal"}},"Page":{"root":{"overflow":"visible","fontFamily":"'Lato', sans-serif;"},"60a51c6b3439fa7391d2dacb":{"width":"1367"}},"titanForm":{"root":{"position":"absolute","fontFamily":"'Lato', sans-serif;","fontSize":"","fontWeight":"normal"},"width":"1367"},"Drawer":{"hamburgerIcon":{"fontFamily":"'Lato', sans-serif;","fontSize":"","fontWeight":"normal"},"root":{"fontFamily":"'Lato', sans-serif;","fontSize":"","backgroundColor":"rgba(150, 207, 251, 1)","background":"","fontWeight":"normal"},"linkHover":{"backgroundColor":"rgba(192, 225, 250, 1)"},"width":"1367","logo":{"fontFamily":"'Lato', sans-serif;","fontSize":"","fontWeight":"normal"},"closeIcon":{"fontFamily":"'Lato', sans-serif;","fontSize":"","fontWeight":"normal"},"lightbox":{"backgroundColor":"rgba(255, 255, 255, 0.16)","fontWeight":"normal"},"title":{"marginTop":"","fontWeight":"normal","fontSize":"18px","fontFamily":"'Lato', sans-serif;","marginLeft":"10","backgroundColor":"","marginBottom":"10","lineHeight":"22","letterSpacing":0},"icon":{"fontFamily":"'Lato', sans-serif;","fontSize":"20px","fontWeight":"normal"},"link":{"fontFamily":"'Lato', sans-serif;","fontSize":"18px","lineHeight":"22","letterSpacing":0,"marginRight":"10","fontWeight":"normal","color":"rgba(8, 8, 8, 1)"}},"ItemList":{"root":{"position":"absolute","fontFamily":"'Lato', sans-serif;","fontSize":"","fontWeight":"normal"},"Item":{"color":"#ffffffff","paddingTop":"10","height":"","fontWeight":"normal","paddingRight":"20","fontSize":"16px","fontFamily":"'Lato', sans-serif;","backgroundColor":"#68beff","textAlign":"center","paddingLeft":"20","lineHeight":"22","paddingBottom":"10","letterSpacing":0},"ItemHover":{"color":"#000000ff","paddingTop":"10","fontWeight":"normal","paddingRight":"20","fontSize":"16px","fontFamily":"'Lato', sans-serif;","backgroundColor":"#c0e1fa","textAlign":"center","paddingLeft":"20","lineHeight":"22","paddingBottom":"10","letterSpacing":0},"ItemActive":{"color":"#000000ff","paddingTop":"10","fontWeight":"normal","paddingRight":"20","fontSize":"16px","fontFamily":"'Lato', sans-serif;","backgroundColor":"#c0e1fa","textAlign":"center","paddingLeft":"20","lineHeight":"22","paddingBottom":"10","letterSpacing":0},"width":"1367"},"Stepper":{"iconActive":{"fill":"rgba(0,145,255, 1)"},"iconComplete":{"fill":"rgba(0,145,255, 1)"},"btnRoot":{"justifyContent":"center"},"btn":{"color":"#f9f9f9ff","borderStyle":"solid","width":"150","height":"30","fontWeight":"normal","marginRight":"10","fontSize":"14px","fontFamily":"'Lato', sans-serif;","backgroundColor":"rgba(104,190,255, 1)","borderWidth":"0","borderRadius":"6"},"width":"1367","root":{"width":"400","height":"400"},"panelRoot":{"width":"100","height":"80","widthUnit":"%"}},"galleryCarousel":{"root":{"borderStyle":"solid","width":"700","height":"400","fontWeight":"normal","position":"absolute","widthUnit":"px","heightUnit":"px","fontSize":"","fontFamily":"'Lato', sans-serif;","minHeight":"unset","borderWidth":"0","minHeightUnit":"%","borderRadius":"0"},"header":{"fontFamily":"'Lato', sans-serif;","fontSize":"30px","lineHeight":"50","letterSpacing":0,"fontWeight":"normal"},"headerDescription":{"fontFamily":"'Lato', sans-serif;","fontSize":"16px","lineHeight":"22","letterSpacing":0,"fontWeight":"normal"},"original":{"width":"400","height":"336","fontWeight":"normal"},"thumbnail":{"width":"100","height":"100","fontWeight":"normal","borderColor":"rgba(253, 253, 253, 1)","borderStyle":"solid","borderWidth":"3"},"thumbnailActive":{"width":"100","height":"100","fontWeight":"normal","borderColor":"rgba(104, 190, 255, 1)","borderStyle":"solid","borderWidth":"3"},"width":"1367"},"Button":{"root":{"color":"rgba(255, 255, 255, 1)","borderStyle":"solid","width":"180","height":"52","fontWeight":"normal","position":"absolute","fontSize":"","fontFamily":"'Lato', sans-serif;","borderColor":"#0091ff","borderWidth":"1","borderRadius":"26"},"primary":{"color":"rgba(255, 255, 255, 1)","paddingTop":"0","borderStyle":"solid","width":"180","height":"52","fontWeight":"normal","paddingRight":"0","fontSize":"18px","fontFamily":"'Lato', sans-serif;","backgroundColor":"#0091ff","borderColor":"#0091ff","paddingLeft":"0","borderWidth":"1","lineHeight":"30","paddingBottom":"0","letterSpacing":0,"borderRadius":"26"},"width":"1367","secondaryHover":{"color":"rgba(0, 145, 255, 1)","paddingTop":"0","borderStyle":"solid","width":"180","height":"52","fontWeight":"normal","paddingRight":"0","fontSize":"18px","fontFamily":"'Lato', sans-serif;","backgroundColor":"rgba(255, 255, 255, 1)","borderColor":"#0091ff","paddingLeft":"0","borderWidth":"1","lineHeight":"30","paddingBottom":"0","letterSpacing":0,"borderRadius":"26"},"rootActive":{"borderColor":"#0091ff","borderStyle":"solid","width":"180","height":"52","borderWidth":"1","borderRadius":"26"},"primaryActive":{"color":"rgba(255, 255, 255, 1)","paddingTop":"0","borderStyle":"solid","width":"180","height":"52","fontWeight":"normal","paddingRight":"0","fontSize":"18px","fontFamily":"'Lato', sans-serif;","backgroundColor":"#0091ff","borderColor":"#0091ff","paddingLeft":"0","borderWidth":"1","lineHeight":"30","paddingBottom":"0","letterSpacing":0,"borderRadius":"26"},"button":{"fontFamily":"'Lato', sans-serif;","fontSize":"","fontWeight":"normal"},"secondary":{"color":"rgba(0, 145, 255, 1)","paddingTop":"0","borderStyle":"solid","width":"180","height":"52","fontWeight":"normal","paddingRight":"0","fontSize":"18px","fontFamily":"'Lato', sans-serif;","backgroundColor":"rgba(255, 255, 255, 1)","borderColor":"#0091ff","paddingLeft":"0","borderWidth":"1","lineHeight":"30","paddingBottom":"0","letterSpacing":0,"borderRadius":"26"},"primaryHover":{"color":"rgba(255, 255, 255, 1)","paddingTop":"0","borderStyle":"solid","width":"180","height":"52","fontWeight":"normal","paddingRight":"0","fontSize":"18px","fontFamily":"'Lato', sans-serif;","backgroundColor":"#0091ff","borderColor":"#0091ff","paddingLeft":"0","borderWidth":"1","lineHeight":"30","paddingBottom":"0","letterSpacing":0,"borderRadius":"26"},"rootHover":{"borderColor":"#0091ff","borderStyle":"solid","width":"180","height":"52","borderWidth":"1","borderRadius":"26"},"secondaryActive":{"color":"rgba(0, 145, 255, 1)","paddingTop":"0","borderStyle":"solid","width":"180","height":"52","fontWeight":"normal","paddingRight":"0","fontSize":"18px","fontFamily":"'Lato', sans-serif;","backgroundColor":"rgba(255, 255, 255, 1)","borderColor":"#0091ff","paddingLeft":"0","borderWidth":"1","lineHeight":"30","paddingBottom":"0","letterSpacing":0,"borderRadius":"26"}},"lookupModal":{"content":{"backgroundColor":"#ffffffff"},"title":{"backgroundColor":"rgba(104,190,255, 1)"},"bottomText":{"backgroundColor":"rgba(104,190,255, 1)"},"header":{"backgroundColor":"#68beff33","fontFamily":"'Lato', sans-serif;","fontSize":"16px","lineHeight":20,"fontWeight":"bold"},"width":"1367"},"Line":{"root":{"position":"absolute","fontFamily":"'Lato', sans-serif;","borderStyle":"solid","borderWidth":"2","height":"2","fontSize":"","borderColor":"rgba(164, 164, 164, 1)","fontWeight":"normal"},"width":"1367"},"TestimonialsCarousel":{"root":{"width":"500","height":"300"},"image":{"width":"100","height":"100","borderStyle":"solid","borderRadius":"100","borderWidth":"1","borderColor":"#818181ff"},"slide":{"width":"200"}},"SmartVSignUpPage":{"root":{"fontFamily":"'Lato', sans-serif;","fontSize":"","fontWeight":"normal"},"bottomLink":{"fontFamily":"'Lato', sans-serif;","fontSize":"16px","lineHeight":"18","letterSpacing":0,"color":"rgba(0, 145, 255, 1)","fontWeight":"normal"},"width":"1367","page":{"fontFamily":"'Lato', sans-serif;","fontSize":"","fontWeight":"normal"},"fieldInput":{"fontFamily":"'Lato', sans-serif;","fontSize":"18px","lineHeight":"22","letterSpacing":0,"color":"rgba(0, 0, 0, 1)","fontWeight":"normal"},"bottomText":{"fontFamily":"'Lato', sans-serif;","fontSize":"18px","lineHeight":"22","letterSpacing":0,"color":"rgba(173, 173, 173, 1)","fontWeight":"normal"},"title":{"fontFamily":"'Lato', sans-serif;","fontSize":"46px","lineHeight":"56","letterSpacing":0,"color":"rgba(10, 10, 10, 1)","fontWeight":"normal"},"buttonContinue":{"fontFamily":"'Lato', sans-serif;","fontSize":"18px","lineHeight":"22","letterSpacing":0,"fontWeight":"normal"},"fieldLabel":{"fontFamily":"'Lato', sans-serif;","fontSize":"14px","lineHeight":"16","letterSpacing":0,"color":"rgba(128, 128, 128, 1)","fontWeight":"normal"},"description":{"fontFamily":"'Lato', sans-serif;","fontSize":"16px","lineHeight":"27","letterSpacing":0,"color":"rgba(0, 0, 0, 1)","fontWeight":"normal"}},"Tab":{"root":{"color":"#000000ff","borderStyle":"solid","width":"300","height":"200","fontWeight":"normal","fontSize":"16px","fontFamily":"'Lato', sans-serif;","borderColor":"rgba(218, 217, 217, 1)","borderWidth":"1"},"indicator":{"backgroundColor":"rgba(0,145,255, 1)"},"tabBtnSelected":{"color":"rgba(0,145,255, 1)","fontWeight":"bold","fontFamily":"'Lato', sans-serif;","width":"300"},"tabBtnDisabled":{"color":"#00000061","fontFamily":"'Lato', sans-serif;","width":"300"},"tabBtn":{"fontFamily":"'Lato', sans-serif;","width":"300"},"tabBtnHover":{"fontFamily":"'Lato', sans-serif;","width":"300"},"tabBtnActive":{"fontFamily":"'Lato', sans-serif;","width":"300"},"width":"1367"},"PageSearch":{"root":{"textVariant":"outlined","primary":"rgba(0,145,255, 1)","sizeVariant":"small"},"searchIcon":{"fill":"rgba(0,145,255, 1)","width":"40","height":"40"},"input":{"input":{"fontFamily":"'Lato', sans-serif;","fontWeight":"normal","fontSize":"16px"},"text":"#000"},"width":"1367"},"SmartVVerificationPage":{"root":{"fontFamily":"'Lato', sans-serif;","fontSize":"","fontWeight":"normal"},"title":{"fontFamily":"'Lato', sans-serif;","fontSize":"30px","lineHeight":"36","letterSpacing":0,"fontWeight":"normal"},"description":{"fontFamily":"'Lato', sans-serif;","fontSize":"16px","lineHeight":"22","letterSpacing":0,"color":"rgba(128, 128, 128, 1)","fontWeight":"normal"},"fieldInput":{"fontFamily":"'Lato', sans-serif;","fontSize":"18px","lineHeight":"22","letterSpacing":0,"fontWeight":"normal"},"buttonContinue":{"fontFamily":"'Lato', sans-serif;","fontSize":"18px","lineHeight":"22","letterSpacing":0,"fontWeight":"normal"},"bottomLink":{"fontFamily":"'Lato', sans-serif;","fontSize":"18px","lineHeight":"22","letterSpacing":0,"color":"rgba(173, 173, 173, 1)","fontWeight":"normal"},"page":{"fontFamily":"'Lato', sans-serif;","fontSize":"","fontWeight":"normal"},"width":"1367"},"galleryGrid":{"root":{"width":"300","height":"300","fontWeight":"normal","position":"absolute","widthUnit":"px","heightUnit":"px","fontSize":"","fontFamily":"'Lato', sans-serif;","minHeight":"unset","minHeightUnit":"%"},"header":{"fontFamily":"'Lato', sans-serif;","fontSize":"30px","letterSpacing":0,"lineHeight":"50","fontWeight":"normal"},"headerDescription":{"fontFamily":"'Lato', sans-serif;","fontSize":"16px","lineHeight":"22","letterSpacing":0,"fontWeight":"normal"},"width":"1367"},"Strip":{"root":{"height":"auto","minHeight":"600","fontFamily":"'Lato', sans-serif;","shadow":[{"color":"rgba(208, 38, 38, 1)"}],"fontSize":"","fontWeight":"normal"},"width":"1367"},"My Widget":{"root":{"fontFamily":"'Lato', sans-serif;","fontSize":"","fontWeight":"normal"},"width":"1367"},"ConfirmationModal":{"root":{"fontFamily":"'Lato', sans-serif;","fontSize":"","fontWeight":"normal"},"title":{"fontFamily":"'Lato', sans-serif;","fontSize":"18px","lineHeight":"22","letterSpacing":0,"color":"rgba(0, 0, 0, 1)","fontWeight":"normal"},"description":{"fontFamily":"'Lato', sans-serif;","fontSize":"14px","lineHeight":"20","letterSpacing":0,"color":"rgba(0, 0, 0, 1)","fontWeight":"normal"},"cancel":{"fontFamily":"'Lato', sans-serif;","fontSize":"16px","lineHeight":"23","letterSpacing":0,"fontWeight":"normal"},"apply":{"fontFamily":"'Lato', sans-serif;","fontSize":"16px","lineHeight":"22","letterSpacing":0,"fontWeight":"normal"},"width":"1367"},"MultiStepper":{"root":{"width":"250","height":"200","borderColor":"rgba(209,209,209, 1)","borderWidth":"1","borderStyle":"solid"},"btnRoot":{"justifyContent":"center"},"btn":{"width":"80","height":"30","marginRight":"10","backgroundColor":"rgba(104,190,255, 1)","color":"#ffffffff","borderWidth":"0","borderStyle":"solid","borderRadius":"6"}},"ExtendedGallery":{"root":{"borderStyle":"solid","width":"330","height":"300","fontWeight":"normal","position":"absolute","backgroundImage":"''","fontSize":"","fontFamily":"'Lato', sans-serif;","backgroundColor":"rgba(255, 255, 255, 1)","borderColor":"rgba(218, 217, 217, 1)","borderWidth":"1"},"userAvatar":{"fontFamily":"'Lato', sans-serif;","fontSize":"","width":"60","height":"60","fontWeight":"normal"},"width":"1367","userPoweredBy":{"fontFamily":"'Lato', sans-serif;","fontSize":"16px","lineHeight":"27","letterSpacing":0,"textAlign":"left","fontWeight":"normal"},"button":{"borderStyle":"solid","fontWeight":"normal","fontSize":"14px","fontFamily":"'Lato', sans-serif;","backgroundColor":"rgba(228, 228, 228, 1)","borderColor":"rgba(183, 180, 180, 1)","borderWidth":"1","lineHeight":"20","letterSpacing":0,"borderRadius":2},"userContainer":{"fontFamily":"'Lato', sans-serif;","fontSize":"","fontWeight":"normal"},"userName":{"fontFamily":"'Lato', sans-serif;","fontSize":"16px","lineHeight":"27","letterSpacing":0,"fontWeight":"normal","textAlign":"left"},"title":{"fontFamily":"'Lato', sans-serif;","fontSize":"30px","lineHeight":"36","letterSpacing":0,"paddingTop":"20","fontWeight":"normal"},"description":{"fontFamily":"'Lato', sans-serif;","fontSize":"18px","lineHeight":"26","letterSpacing":0,"fontWeight":"normal"}},"Link":{"root":{"color":"#0091ffff","paddingTop":"0","borderStyle":"solid","fontWeight":"normal","paddingRight":"0","fontSize":"16px","fontFamily":"'Lato', sans-serif;","backgroundColor":"#ffffff00","paddingLeft":"0","borderWidth":"0","lineHeight":"20","paddingBottom":"0","letterSpacing":0,"textDecoration":"underline"},"aHover":{"color":"#0091ffff","paddingTop":"0","borderStyle":"solid","fontWeight":"normal","paddingRight":"0","fontSize":"16px","fontFamily":"'Lato', sans-serif;","backgroundColor":"#ffffff00","paddingLeft":"0","borderWidth":"0","lineHeight":"20","paddingBottom":"0","letterSpacing":0,"textDecoration":"underline"},"rootHover":{"color":"#0091ffff","paddingTop":"0","borderStyle":"solid","fontWeight":"normal","paddingRight":"0","fontSize":"16px","fontFamily":"'Lato', sans-serif;","backgroundColor":"#ffffff00","paddingLeft":"0","borderWidth":"0","lineHeight":"20","paddingBottom":"0","letterSpacing":0,"textDecoration":"underline"},"aActive":{"color":"#0091ff","paddingTop":"0","borderStyle":"solid","fontWeight":"normal","paddingRight":"0","fontSize":"16px","fontFamily":"'Lato', sans-serif;","backgroundColor":"#ffffff00","paddingLeft":"0","borderWidth":"0","lineHeight":"20","paddingBottom":"0","letterSpacing":0,"textDecoration":"underline"},"rootActive":{"color":"#0091ff","paddingTop":"0","borderStyle":"solid","fontWeight":"normal","paddingRight":"0","fontSize":"16px","fontFamily":"'Lato', sans-serif;","backgroundColor":"#ffffff00","paddingLeft":"0","borderWidth":"0","lineHeight":"20","paddingBottom":"0","letterSpacing":0,"textDecoration":"underline"},"width":"1367"},"Image":{"root":{"position":"absolute","fontFamily":"'Lato', sans-serif;","width":"250","height":"200","fontSize":"","fontWeight":"normal"},"width":"1367"},"Footer":{"root":{"position":"relative","fontFamily":"'Lato', sans-serif;","fontSize":"","fontWeight":"normal"},"width":"1367"},"infoBox":{"root":{"shadow":[{"color":"rgba(0, 0, 0, 0)"}],"borderStyle":"solid","width":"350","height":"160","fontWeight":"normal","position":"absolute","widthUnit":"px","heightUnit":"px","fontSize":"","fontFamily":"'Lato', sans-serif;","backgroundColor":"rgba(255, 255, 255, 1)","borderColor":"rgba(218, 217, 217, 1)","minHeight":"unset","borderWidth":"1","paddingBottom":"","minHeightUnit":"%"},"title":{"fontFamily":"'Lato', sans-serif;","fontSize":"24px","lineHeight":"30","letterSpacing":0,"marginRight":"20","fontWeight":"normal"},"content":{"fontFamily":"'Lato', sans-serif;","fontSize":"36px","color":"rgba(0, 0, 0, 1)","lineHeight":"50","letterSpacing":0,"marginRight":"20","fontWeight":"normal"},"subText":{"color":"rgba(121, 121, 121, 1)","paddingTop":"","fontWeight":"normal","fontSize":"16px","fontFamily":"'Lato', sans-serif;","marginLeft":"20","marginBottom":"10","lineHeight":"30","letterSpacing":0},"icon":{"fill":"#0091ff","paddingTop":"15","width":"100","height":"100","fontWeight":"normal","fontSize":"","fontFamily":"'Lato', sans-serif;","backgroundColor":"","paddingBottom":"15"},"divider":{"backgroundColor":"rgba(216, 216, 216, 1)","paddingLeft":"","marginLeft":"10","marginRight":"10","fontWeight":"normal"},"width":"1367"},"list":{"col":{"fontFamily":"'Lato', sans-serif;","fontSize":"16px","paddingTop":"","paddingBottom":"","fontWeight":"normal"},"headCol":{"fontSize":"16px","color":"rgba(253, 253, 253, 1)","fontFamily":"'Lato', sans-serif;","fontWeight":"normal","lineHeight":"22","letterSpacing":0},"root":{"shadow":[{"color":"rgba(0, 0, 0, 0)"}],"borderStyle":"solid","width":"300","height":"200","fontWeight":"normal","position":"absolute","widthUnit":"px","heightUnit":"px","fontSize":"","fontFamily":"'Lato', sans-serif;","borderColor":"rgba(218, 217, 217, 1)","minHeight":"unset","borderWidth":"1","minHeightUnit":"%","borderRadius":"0"},"grouping":{"fontFamily":"'Lato', sans-serif;","fontSize":"","fontWeight":"normal"},"width":"1367","colSelection":{"fontFamily":"'Lato', sans-serif;","fontSize":"","fontWeight":"normal"},"header":{"fontFamily":"'Lato', sans-serif;","fontSize":"30px","lineHeight":"50","letterSpacing":0,"fontWeight":"normal"},"scroll":{"borderStyle":"solid","thumbImage":"linear-gradient(90deg, rgb(164, 204, 228) 25.3%,rgb(75, 164, 222) 92.4%)","width":"10","fontWeight":"normal","thumbColor":"","borderColor":"rgba(224, 224, 224, 1)","borderWidth":"1","scrollBarColor":"rgba(237, 238, 239, 1)","borderRadius":"4"},"activeTab":{"fontFamily":"'Lato', sans-serif;","fontSize":"","backgroundColor":"rgba(209, 232, 249, 1)","fontWeight":"normal"},"headerDescription":{"fontFamily":"'Lato', sans-serif;","fontSize":"16px","lineHeight":"22","letterSpacing":0,"fontWeight":"normal"},"tab":{"fontFamily":"'Lato', sans-serif;","fontSize":"","fontWeight":"normal"},"row":{"fontFamily":"'Lato', sans-serif;","fontSize":"16px","height":"40","lineHeight":"22","letterSpacing":0,"fontWeight":"normal"},"headRow":{"fontFamily":"'Lato', sans-serif;","backgroundColor":"#68beff","fontSize":"18px","letterSpacing":0,"lineHeight":"38","height":"50","fontWeight":"normal"}},"EComProdCtrl":{"addToCartBtn":{"width":"150"},"quantBtn":{"fontFamily":"'Lato', sans-serif;","width":""},"width":"1367","quantInp":{"width":"10"},"slideSmallImg":{"width":"100","height":"100"},"slideSmallImgRoot":{"width":"100","height":"100"}},"chart":{"root":{"shadow":[{"color":"rgba(0, 0, 0, 0.2)"}],"borderStyle":"solid","width":"300","height":"200","fontWeight":"normal","position":"absolute","widthUnit":"px","paddingRight":"10","heightUnit":"px","fontSize":"","fontFamily":"'Lato', sans-serif;","borderColor":"rgba(218, 217, 217, 1)","paddingLeft":"10","minHeight":"unset","borderWidth":"1","minHeightUnit":"%"},"header":{"fontFamily":"'Lato', sans-serif;","fontSize":"30px","lineHeight":"50","letterSpacing":0,"fontWeight":"normal"},"headerDescription":{"fontFamily":"'Lato', sans-serif;","fontSize":"16px","lineHeight":"22","letterSpacing":0,"fontWeight":"normal"},"no-data":{"fontFamily":"'Lato', sans-serif;","fontSize":"18px","fontWeight":"normal","lineHeight":"24","letterSpacing":0},"axisX":{"fontFamily":"'Lato', sans-serif;","fontSize":"12px","lineHeight":"16","letterSpacing":0,"fontWeight":"normal"},"axisY":{"fontFamily":"'Lato', sans-serif;","fontSize":"12px","fontWeight":"normal","lineHeight":"16","letterSpacing":0},"chartColor":{"fontFamily":"'Lato', sans-serif;","chartColor":"#259ffb;#68beff;#9ad3ff;#b3deff;#b3deff;#087ed7","fontSize":"","fontWeight":"normal"},"width":"1367"}}},"recentColors":["#e05a5aff","#e9ef79ff"],"Header":{"enable":true,"Menu":[{"Type":"PAGE","href":"p2","id":"10b94475-615a-413d-8237-ed51ed9034bd","Text":"Home"},{"Type":"PAGE","href":"p9","id":"6d1cdc00-a0c4-49d1-9395-b1e502972d56","Text":"Page 2"}]},"lastID":75,"isEnabledVersions":true,"customFonts":[{"value":"'Lato', sans-serif;","label":"Lato"},{"value":"'Archivo Narrow', sans-serif;","label":"Archivo Narrow"},{"value":"'Archivo', sans-serif;","label":"Archivo"}],"versionsSettings":{"isUseGit":true,"repo":"amy-forms.txt","branch":"zii"},"RepeatedStripsID":[]},"PublishedAt":"2021-05-19T14:53:15.405Z","PublishedIsPublic":true,"PublishedURL":"ft9c9b9c97ca3c4cc59c904d5d8480f557"}