{"IsDeleted":false,"IsDisabled":false,"isPublic":true,"Description":"","Version":0,"ProjectID":"60a514773439fa7391d2dabd","isCachedCDN":"","_id":"60a514763439fa7391d2dabc","Props":{"elements":{"s1":{"type":"Strip","props":{"styleRef":"s1"},"children":["e3","e4"],"parent":null},"e3":{"type":"Svg","props":{"lg":{"variant":"Star","gridArea":"Col1","svg":"","viewBox":"0 0 48 46","position":{"left":344.5,"top":90.5},"isHidden":false},"styleRef":"e3"},"children":[],"parent":"s1"},"e4":{"type":"FormField","props":{"control":"textarea","lg":{"value":"","label":"Textarea field","placeholder":"Textarea field","variant":"standard","gridArea":"Col1","position":{"left":481.5,"top":76},"isHidden":false},"styleRef":"e4"},"children":[],"parent":"s1"},"s5":{"type":"Strip","props":{"styleRef":"s5"},"children":[],"parent":null}},"Grid":["s1","s5"],"styles":{"s1":{"type":"Strip","lg":{"columns":1,"rows":1,"areas":[["Col1"]],"root":{"minHeight":"600","backgroundImage":"https://d3255hq6rclyj1.cloudfront.net/6097bedbcb35e53126150bbe_ftusergal_.jpg"}}},"e3":{"lg":{"root":{"width":"50","height":"50"}},"type":"Svg"},"e4":{"lg":{"root":{"width":"270","height":"auto"}},"type":"FormField"},"s5":{"type":"Strip","lg":{"columns":1,"rows":1,"areas":[["Col1"]],"root":{"minHeight":"600","backgroundColor":"#e05a5aff"}}}}},"URL":"ftec90adb243744a37beb25ddeefd26151","UserID":235848,"CreatedAt":"2021-05-19T13:36:54.993Z","__v":0}