{"_id":"61777d4819be1f87a8e36dca","UserID":235848,"IsDeleted":false,"Props":{"elements":{"e75":{"type":"Typography","props":{"lg":{"text":"Lorem ipsum dolor sit amet, consectetur adipiscing elit, sed do eiusmod tempor incididunt ut labore et dolore magna aliqua. Ut enim ad minim veniam, quis nostrud exercitation ullamco laboris nisi ut aliquip ex ea commodo consequat.","variant":"p","gridArea":"Col1","position":{"left":134,"top":231,"leftUnit":"px","topUnit":"px","right":"","bottom":"","transform":""},"isHidden":false},"styleRef":"e75","md":{"position":{"left":96,"top":231,"leftUnit":"px","topUnit":"px","right":"","bottom":"","transform":""},"text":"Lorem ipsum dolor sit amet, consectetur adipiscing elit, sed do eiusmod tempor incididunt ut labore et dolore magna aliqua. Ut enim ad minim veniam, quis nostrud exercitation ullamco laboris nisi ut aliquip ex ea commodo consequat.","tabs":[]},"sm":{"position":{"left":"50","top":130,"leftUnit":"%","topUnit":"px","right":"unset","bottom":"","transform":"translateX(-50%)","rightUnit":""},"text":"Lorem ipsum dolor sit amet, consectetur adipiscing elit, sed do eiusmod tempor incididunt ut labore et dolore magna aliqua. Ut enim ad minim veniam, quis nostrud exercitation ullamco laboris nisi ut aliquip ex ea commodo consequat.","tabs":[]},"xs":{"position":{"left":"50","top":110,"leftUnit":"%","topUnit":"px","right":"unset","bottom":"","transform":"translateX(-50%)","rightUnit":""},"text":"Lorem ipsum dolor sit amet, consectetur adipiscing elit, sed do eiusmod tempor incididunt ut labore et dolore magna aliqua. Ut enim ad minim veniam, quis nostrud exercitation ullamco laboris nisi ut aliquip ex ea commodo consequat.","tabs":[]},"ss":{"position":{"left":"50","top":109,"leftUnit":"%","topUnit":"px","right":"unset","bottom":"","transform":"translateX(-50%)","rightUnit":""},"text":"Lorem ipsum dolor sit amet, consectetur adipiscing elit, sed do eiusmod tempor incididunt ut labore et dolore magna aliqua. Ut enim ad minim veniam, quis nostrud exercitation ullamco laboris nisi ut aliquip ex ea commodo consequat.","tabs":[]}},"children":[],"parent":"s74"},"e76":{"type":"Typography","props":{"lg":{"text":"Adrenaline","variant":"h1","gridArea":"Col1","position":{"left":132,"top":138,"leftUnit":"px","topUnit":"px","right":"","bottom":"","transform":""},"isHidden":false},"styleRef":"e76","md":{"position":{"left":94,"top":138,"leftUnit":"px","topUnit":"px","right":"","bottom":"","transform":""},"text":"Adrenaline","tabs":[]},"sm":{"position":{"left":"50","top":42,"leftUnit":"%","topUnit":"px","right":"unset","bottom":"","transform":"translateX(-50%)","rightUnit":""},"text":"Adrenaline","tabs":[]},"xs":{"position":{"left":"50","top":22,"leftUnit":"%","topUnit":"px","right":"unset","bottom":"","transform":"translateX(-50%)","rightUnit":""},"text":"Adrenaline","tabs":[]},"ss":{"position":{"left":"50","top":22,"leftUnit":"%","topUnit":"px","right":"unset","bottom":"","transform":"translateX(-50%)","rightUnit":""},"text":"Adrenaline","tabs":[]}},"children":[],"parent":"s74"},"e77":{"type":"YouTube","props":{"lg":{"src":"https://www.youtube.com/watch?v=CQlatm6yAzQ","width":"300","height":"188","gridArea":"Col1","position":{"left":696,"top":86,"leftUnit":"px","topUnit":"px","right":"","bottom":"","transform":""},"isHidden":false},"styleRef":"e77","md":{"position":{"left":658,"top":86,"leftUnit":"px","topUnit":"px","right":"","bottom":"","transform":""},"tabs":[]},"sm":{"position":{"left":"50","top":255,"leftUnit":"%","topUnit":"px","right":"unset","bottom":"","transform":"translateX(-50%)","rightUnit":""},"tabs":[]},"xs":{"position":{"left":"50","top":297,"leftUnit":"%","topUnit":"px","right":"unset","bottom":"","transform":"translateX(-50%)","rightUnit":""},"tabs":[]},"ss":{"position":{"left":"50","top":355,"leftUnit":"%","topUnit":"px","right":"unset","bottom":"","transform":"translateX(-50%)","rightUnit":""},"tabs":[]}},"children":[],"parent":"s74"},"e3":{"type":"Svg","props":{"lg":{"variant":"Star","gridArea":"Col1","svg":"","viewBox":"0 0 48 46","position":{"left":223.5,"top":89.5},"isHidden":false},"styleRef":"e3"},"children":[],"parent":"s1"},"e124":{"type":"Image","props":{"lg":{"src":"https://d3255hq6rclyj1.cloudfront.net/615c45c0c8c44cd84e7f9339_ftusergal_.jpg","alt":"","gridArea":"Col1","position":{"left":168.5,"top":234},"isHidden":false},"styleRef":"e124"},"children":[],"parent":"s1"},"e4":{"type":"Typography","props":{"lg":{"text":"Heading","variant":"h1","gridArea":"Col1","position":{"left":359.5,"top":99},"isHidden":false},"styleRef":"e4"},"children":[],"parent":"s1"},"s73":{"type":"Strip","props":{"styleRef":"s73"},"children":[],"parent":null},"e5":{"type":"Image","props":{"lg":{"src":"https://d3255hq6rclyj1.cloudfront.net/615f2a247c262b5cbc9bc430_ftusergal_.svg","alt":"","gridArea":"Col1","position":{"left":502,"top":202,"leftUnit":"px","topUnit":"px","right":"","bottom":"","transform":""},"isHidden":false},"styleRef":"e5"},"children":[],"parent":"s1"},"s74":{"type":"Strip","props":{"styleRef":"s74","tag":"Video","md":{"tabs":[]},"sm":{"tabs":[]},"xs":{"tabs":[]},"ss":{"tabs":[]}},"children":["e75","e76","e77"],"parent":null},"s1":{"type":"Strip","props":{"styleRef":"s1"},"children":["e3","e4","e5","e124"],"parent":null}},"Grid":["s1","s74","s73"],"styles":{"e75":{"lg":{"root":{"color":"rgba(0, 0, 0, 1)","width":528.5,"height":124,"fontWeight":"normal","fontSize":"16px","fontFamily":"'Exo 2', sans-serif;","minWidth":"0","lineHeight":"27","letterSpacing":0},"rootHover":{"color":"rgba(0, 0, 0, 1)","width":528.5,"height":124,"fontWeight":"normal","fontSize":"16px","fontFamily":"'Exo 2', sans-serif;","minWidth":"0","lineHeight":"27","letterSpacing":0},"rootActive":{"color":"rgba(0, 0, 0, 1)","width":528.5,"height":124,"fontWeight":"normal","fontSize":"16px","fontFamily":"'Exo 2', sans-serif;","minWidth":"0","lineHeight":"27","letterSpacing":0}},"type":"Typography","IsConfiguredDevice":{"md":true,"sm":true,"xs":true,"ss":true},"md":{"root":{"color":"rgba(0, 0, 0, 1)","width":528.5,"height":124,"fontWeight":"normal","fontSize":"16px","fontFamily":"'Exo 2', sans-serif;","minWidth":"0","lineHeight":"27","letterSpacing":0},"rootHover":{"color":"rgba(0, 0, 0, 1)","width":528.5,"height":124,"fontWeight":"normal","fontSize":"16px","fontFamily":"'Exo 2', sans-serif;","minWidth":"0","lineHeight":"27","letterSpacing":0},"rootActive":{"color":"rgba(0, 0, 0, 1)","width":528.5,"height":124,"fontWeight":"normal","fontSize":"16px","fontFamily":"'Exo 2', sans-serif;","minWidth":"0","lineHeight":"27","letterSpacing":0}},"sm":{"root":{"color":"rgba(0, 0, 0, 1)","width":528.5,"height":124,"fontWeight":"normal","fontSize":"16px","fontFamily":"'Exo 2', sans-serif;","minWidth":"0","lineHeight":"27","letterSpacing":0},"rootHover":{"color":"rgba(0, 0, 0, 1)","width":528.5,"height":124,"fontWeight":"normal","fontSize":"16px","fontFamily":"'Exo 2', sans-serif;","minWidth":"0","lineHeight":"27","letterSpacing":0},"rootActive":{"color":"rgba(0, 0, 0, 1)","width":528.5,"height":124,"fontWeight":"normal","fontSize":"16px","fontFamily":"'Exo 2', sans-serif;","minWidth":"0","lineHeight":"27","letterSpacing":0}},"xs":{"root":{"color":"rgba(0, 0, 0, 1)","width":300,"height":172,"fontWeight":"normal","fontSize":"16px","fontFamily":"'Exo 2', sans-serif;","minHeight":172,"lineHeight":"27","letterSpacing":0},"rootHover":{"color":"rgba(0, 0, 0, 1)","width":300,"height":172,"fontWeight":"normal","fontSize":"16px","fontFamily":"'Exo 2', sans-serif;","minHeight":172,"lineHeight":"27","letterSpacing":0},"rootActive":{"color":"rgba(0, 0, 0, 1)","width":300,"height":172,"fontWeight":"normal","fontSize":"16px","fontFamily":"'Exo 2', sans-serif;","minHeight":172,"lineHeight":"27","letterSpacing":0}},"ss":{"root":{"color":"rgba(0, 0, 0, 1)","width":260,"height":226,"fontWeight":"normal","fontSize":"16px","fontFamily":"'Exo 2', sans-serif;","minHeight":226,"lineHeight":"27","letterSpacing":0},"rootHover":{"color":"rgba(0, 0, 0, 1)","width":260,"height":226,"fontWeight":"normal","fontSize":"16px","fontFamily":"'Exo 2', sans-serif;","minHeight":226,"lineHeight":"27","letterSpacing":0},"rootActive":{"color":"rgba(0, 0, 0, 1)","width":260,"height":226,"fontWeight":"normal","fontSize":"16px","fontFamily":"'Exo 2', sans-serif;","minHeight":226,"lineHeight":"27","letterSpacing":0}}},"e76":{"lg":{"root":{"color":"rgba(0, 0, 0, 1)","width":341,"height":87,"fontWeight":"normal","fontSize":"46px","fontFamily":"'Exo 2', sans-serif;","minWidth":"0","minHeight":87,"lineHeight":"77","letterSpacing":0},"rootHover":{"color":"rgba(0, 0, 0, 1)","width":341,"height":87,"fontWeight":"normal","fontSize":"46px","fontFamily":"'Exo 2', sans-serif;","minWidth":"0","minHeight":87,"lineHeight":"77","letterSpacing":0},"rootActive":{"color":"rgba(0, 0, 0, 1)","width":341,"height":87,"fontWeight":"normal","fontSize":"46px","fontFamily":"'Exo 2', sans-serif;","minWidth":"0","minHeight":87,"lineHeight":"77","letterSpacing":0}},"type":"Typography","IsConfiguredDevice":{"md":true,"sm":true,"xs":true,"ss":true},"md":{"root":{"color":"rgba(0, 0, 0, 1)","width":341,"height":87,"fontWeight":"normal","fontSize":"46px","fontFamily":"'Exo 2', sans-serif;","minWidth":"0","minHeight":87,"lineHeight":"77","letterSpacing":0},"rootHover":{"color":"rgba(0, 0, 0, 1)","width":341,"height":87,"fontWeight":"normal","fontSize":"46px","fontFamily":"'Exo 2', sans-serif;","minWidth":"0","minHeight":87,"lineHeight":"77","letterSpacing":0},"rootActive":{"color":"rgba(0, 0, 0, 1)","width":341,"height":87,"fontWeight":"normal","fontSize":"46px","fontFamily":"'Exo 2', sans-serif;","minWidth":"0","minHeight":87,"lineHeight":"77","letterSpacing":0}},"sm":{"root":{"color":"rgba(0, 0, 0, 1)","width":341,"height":87,"fontWeight":"normal","fontSize":"46px","fontFamily":"'Exo 2', sans-serif;","minWidth":"0","textAlign":"center","minHeight":87,"lineHeight":"77","letterSpacing":0},"rootHover":{"color":"rgba(0, 0, 0, 1)","width":341,"height":87,"fontWeight":"normal","fontSize":"46px","fontFamily":"'Exo 2', sans-serif;","minWidth":"0","textAlign":"center","minHeight":87,"lineHeight":"77","letterSpacing":0},"rootActive":{"color":"rgba(0, 0, 0, 1)","width":341,"height":87,"fontWeight":"normal","fontSize":"46px","fontFamily":"'Exo 2', sans-serif;","minWidth":"0","textAlign":"center","minHeight":87,"lineHeight":"77","letterSpacing":0}},"xs":{"root":{"color":"rgba(0, 0, 0, 1)","width":300,"height":87,"fontWeight":"normal","fontSize":"46px","fontFamily":"'Exo 2', sans-serif;","textAlign":"center","minHeight":87,"lineHeight":"77","letterSpacing":0},"rootHover":{"color":"rgba(0, 0, 0, 1)","width":300,"height":87,"fontWeight":"normal","fontSize":"46px","fontFamily":"'Exo 2', sans-serif;","textAlign":"center","minHeight":87,"lineHeight":"77","letterSpacing":0},"rootActive":{"color":"rgba(0, 0, 0, 1)","width":300,"height":87,"fontWeight":"normal","fontSize":"46px","fontFamily":"'Exo 2', sans-serif;","textAlign":"center","minHeight":87,"lineHeight":"77","letterSpacing":0}},"ss":{"root":{"color":"rgba(0, 0, 0, 1)","width":260,"height":87,"fontWeight":"normal","fontSize":"46px","fontFamily":"'Exo 2', sans-serif;","textAlign":"center","minHeight":87,"lineHeight":"77","letterSpacing":0},"rootHover":{"color":"rgba(0, 0, 0, 1)","width":260,"height":87,"fontWeight":"normal","fontSize":"46px","fontFamily":"'Exo 2', sans-serif;","textAlign":"center","minHeight":87,"lineHeight":"77","letterSpacing":0},"rootActive":{"color":"rgba(0, 0, 0, 1)","width":260,"height":87,"fontWeight":"normal","fontSize":"46px","fontFamily":"'Exo 2', sans-serif;","textAlign":"center","minHeight":87,"lineHeight":"77","letterSpacing":0}}},"e77":{"lg":{"root":{"position":"absolute","fontFamily":"'Lato', sans-serif;","fontWeight":"normal","width":528.5,"height":300,"minWidth":"0","minHeight":300},"rootHover":{"position":"absolute","fontFamily":"'Lato', sans-serif;","fontWeight":"normal","width":528.5,"height":300,"minWidth":"0","minHeight":300},"rootActive":{"position":"absolute","fontFamily":"'Lato', sans-serif;","fontWeight":"normal","width":528.5,"height":300,"minWidth":"0","minHeight":300}},"type":"YouTube","IsConfiguredDevice":{"md":true,"sm":true,"xs":true,"ss":true},"md":{"root":{"position":"absolute","fontFamily":"'Lato', sans-serif;","fontWeight":"normal","width":528.5,"height":300,"minWidth":"0","minHeight":300},"rootHover":{"position":"absolute","fontFamily":"'Lato', sans-serif;","fontWeight":"normal","width":528.5,"height":300,"minWidth":"0","minHeight":300},"rootActive":{"position":"absolute","fontFamily":"'Lato', sans-serif;","fontWeight":"normal","width":528.5,"height":300,"minWidth":"0","minHeight":300}},"sm":{"root":{"position":"absolute","fontFamily":"'Lato', sans-serif;","fontWeight":"normal","width":528.5,"height":300,"minWidth":"0","minHeight":300},"rootHover":{"position":"absolute","fontFamily":"'Lato', sans-serif;","fontWeight":"normal","width":528.5,"height":300,"minWidth":"0","minHeight":300},"rootActive":{"position":"absolute","fontFamily":"'Lato', sans-serif;","fontWeight":"normal","width":528.5,"height":300,"minWidth":"0","minHeight":300}},"xs":{"root":{"position":"absolute","fontFamily":"'Lato', sans-serif;","fontWeight":"normal","width":300,"height":170.45454545454547},"rootHover":{"position":"absolute","fontFamily":"'Lato', sans-serif;","fontWeight":"normal","width":300,"height":170.45454545454547},"rootActive":{"position":"absolute","fontFamily":"'Lato', sans-serif;","fontWeight":"normal","width":300,"height":170.45454545454547}},"ss":{"root":{"position":"absolute","fontFamily":"'Lato', sans-serif;","fontWeight":"normal","width":263,"height":147,"minWidth":263,"minHeight":147},"rootHover":{"position":"absolute","fontFamily":"'Lato', sans-serif;","fontWeight":"normal","width":263,"height":147,"minWidth":263,"minHeight":147},"rootActive":{"position":"absolute","fontFamily":"'Lato', sans-serif;","fontWeight":"normal","width":263,"height":147,"minWidth":263,"minHeight":147}}},"e3":{"lg":{"root":{"width":"50","height":"50"}},"type":"Svg"},"e124":{"lg":{"root":{"width":"250","height":43}},"type":"Image"},"e4":{"lg":{"root":{"width":"270","height":"auto"}},"type":"Typography"},"s73":{"type":"Strip","lg":{"columns":1,"rows":1,"areas":[["Col1"]],"root":{"minHeight":"600"}}},"e5":{"lg":{"root":{"width":"250","height":250}},"type":"Image"},"s74":{"type":"Strip","lg":{"root":{"height":"auto","minHeight":462,"fontFamily":"'Lato', sans-serif;","shadow":[{"color":"rgba(208, 38, 38, 1)"}],"fontWeight":"normal"},"columns":1,"rows":1,"areas":[["Col1"]],"row0":462,"row0Unit":"px","rootHover":{"height":"auto","minHeight":462,"fontFamily":"'Lato', sans-serif;","shadow":[{"color":"rgba(208, 38, 38, 1)"}],"fontWeight":"normal"},"rootActive":{"height":"auto","minHeight":462,"fontFamily":"'Lato', sans-serif;","shadow":[{"color":"rgba(208, 38, 38, 1)"}],"fontWeight":"normal"}},"md":{"root":{"height":"auto","minHeight":406,"fontFamily":"'Lato', sans-serif;","shadow":[{"color":"rgba(208, 38, 38, 1)"}],"fontWeight":"normal"},"columns":1,"rows":1,"areas":[["Col1"]],"row0":462,"row0Unit":"px","rootHover":{"height":"auto","minHeight":406,"fontFamily":"'Lato', sans-serif;","shadow":[{"color":"rgba(208, 38, 38, 1)"}],"fontWeight":"normal"},"rootActive":{"height":"auto","minHeight":406,"fontFamily":"'Lato', sans-serif;","shadow":[{"color":"rgba(208, 38, 38, 1)"}],"fontWeight":"normal"}},"IsConfiguredDevice":{"md":true,"sm":true,"xs":true,"ss":true,"lg":true},"sm":{"root":{"height":"auto","minHeight":623,"fontFamily":"'Lato', sans-serif;","shadow":[{"color":"rgba(208, 38, 38, 1)"}],"fontWeight":"normal"},"rows":1,"areas":[["Col1"]],"row0":623,"row0Unit":"px","columns":"1","rootHover":{"height":"auto","minHeight":623,"fontFamily":"'Lato', sans-serif;","shadow":[{"color":"rgba(208, 38, 38, 1)"}],"fontWeight":"normal"},"rootActive":{"height":"auto","minHeight":623,"fontFamily":"'Lato', sans-serif;","shadow":[{"color":"rgba(208, 38, 38, 1)"}],"fontWeight":"normal"}},"xs":{"root":{"height":"auto","minHeight":506,"fontFamily":"'Lato', sans-serif;","shadow":[{"color":"rgba(208, 38, 38, 1)"}],"fontWeight":"normal"},"rows":1,"areas":[["Col1"]],"row0":506,"row0Unit":"px","columns":"1","rootHover":{"height":"auto","minHeight":506,"fontFamily":"'Lato', sans-serif;","shadow":[{"color":"rgba(208, 38, 38, 1)"}],"fontWeight":"normal"},"rootActive":{"height":"auto","minHeight":506,"fontFamily":"'Lato', sans-serif;","shadow":[{"color":"rgba(208, 38, 38, 1)"}],"fontWeight":"normal"}},"ss":{"root":{"height":"auto","minHeight":546,"fontFamily":"'Lato', sans-serif;","shadow":[{"color":"rgba(208, 38, 38, 1)"}],"fontWeight":"normal"},"rows":1,"areas":[["Col1"]],"row0":546,"row0Unit":"px","columns":"1","rootHover":{"height":"auto","minHeight":546,"fontFamily":"'Lato', sans-serif;","shadow":[{"color":"rgba(208, 38, 38, 1)"}],"fontWeight":"normal"},"rootActive":{"height":"auto","minHeight":546,"fontFamily":"'Lato', sans-serif;","shadow":[{"color":"rgba(208, 38, 38, 1)"}],"fontWeight":"normal"}}},"s1":{"type":"Strip","lg":{"columns":1,"rows":1,"areas":[["Col1"]],"root":{"minHeight":"600"}}}},"isSurveyForm":false},"IsDisabled":false,"isPublic":true,"URL":"ftb4827ff965114d91b442c311b188da4e","Description":"","Version":0,"ProjectID":"61777d4819be1f87a8e36dcd","isCachedCDN":"","CreatedAt":"2021-10-26T04:00:08.255Z","__v":0}